User name,AWS access key,Event time,Event source,Event name,AWS region,Source IP address,User agent,Error code,Resources,Request ID,Event ID,Read-only,Event type,Recipient Account Id,Event category
Accountant,ASIA27ZCBQQG3F4AY2WI,2021-04-03T01:06:21Z,iam.amazonaws.com,ChangePassword,us-east-1,AWS Internal,AWS Internal,,[],3506a562-7831-4ca6-b08d-5205f5d91a8a,9c482f9b-5396-4857-a08b-3e07f2ec5b9b,false,AwsApiCall,755448775693,Management
CloudTrail,ASIA27ZCBQQG5IZTDG7Y,2021-04-03T01:05:07Z,iam.amazonaws.com,ChangePassword,us-east-1,AWS Internal,AWS Internal,,[],55bdd74c-2dfa-40b7-870e-afaadbc1da57,847d9b6c-6c39-4bd3-b85f-fcc998147b54,false,AwsApiCall,755448775693,Management
CloudTrail,,2021-04-03T01:04:49Z,signin.amazonaws.com,ConsoleLogin,us-east-1,49.37.215.97,"Mozilla/5.0 (Macintosh; Intel Mac OS X 11_1_0) AppleWebKit/537.36 (KHTML, like Gecko) Chrome/89.0.4389.114 Safari/537.36",,[],,60485804-c58a-44e1-a5bd-9190bc5ae3cb,false,AwsConsoleSignIn,755448775693,Management
root,ASIA27ZCBQQGVIRL6KWU,2021-04-03T01:01:40Z,iam.amazonaws.com,CreateLoginProfile,us-east-1,49.37.215.97,console.amazonaws.com,,"[{""resourceType"":""AWS::IAM::User"",""resourceName"":""Accountant""}]",62c0b627-1e46-4e1e-a4fb-e56d57ea1eba,7ee029e7-b977-4b8f-b39e-cbc803a07e05,false,AwsApiCall,755448775693,Management
root,ASIA27ZCBQQGVIRL6KWU,2021-04-03T01:01:38Z,iam.amazonaws.com,AddUserToGroup,us-east-1,49.37.215.97,console.amazonaws.com,,"[{""resourceType"":""AWS::IAM::User"",""resourceName"":""Accountant""},{""resourceType"":""AWS::IAM::Group"",""resourceName"":""Reviewers""}]",37a3375b-bc10-4caa-ac8a-25623f4d07f9,72ff7152-0bea-43a2-873f-99a6ce4c299a,false,AwsApiCall,755448775693,Management
root,ASIA27ZCBQQGVIRL6KWU,2021-04-03T01:01:38Z,iam.amazonaws.com,CreateUser,us-east-1,49.37.215.97,console.amazonaws.com,,"[{""resourceType"":""AWS::IAM::User"",""resourceName"":""AIDA27ZCBQQG25LGJ2UHG""},{""resourceType"":""AWS::IAM::User"",""resourceName"":""arn:aws:iam::755448775693:user/Accountant""},{""resourceType"":""AWS::IAM::User"",""resourceName"":""Accountant""}]",e9801d1e-258b-4841-a712-5f02ff2c7e2d,ed4bc52f-41bd-4a7b-b23b-76893307e21e,false,AwsApiCall,755448775693,Management
root,ASIA27ZCBQQGVIRL6KWU,2021-04-03T01:00:37Z,iam.amazonaws.com,CreateLoginProfile,us-east-1,49.37.215.97,console.amazonaws.com,,"[{""resourceType"":""AWS::IAM::User"",""resourceName"":""CloudTrail""}]",ec6b1f6a-3438-4be2-82c9-42781d1c85e5,afe4ad31-aa90-449a-96a6-b1410100e9ac,false,AwsApiCall,755448775693,Management
root,ASIA27ZCBQQGVIRL6KWU,2021-04-03T01:00:36Z,iam.amazonaws.com,AddUserToGroup,us-east-1,49.37.215.97,console.amazonaws.com,,"[{""resourceType"":""AWS::IAM::User"",""resourceName"":""CloudTrail""},{""resourceType"":""AWS::IAM::Group"",""resourceName"":""CloudTrailAdmins""}]",aa6dacd2-8b09-4738-b7f5-8a695d73d926,25fc38e8-8496-4867-b707-c0434d290ec7,false,AwsApiCall,755448775693,Management
root,ASIA27ZCBQQGVIRL6KWU,2021-04-03T01:00:36Z,iam.amazonaws.com,CreateUser,us-east-1,49.37.215.97,console.amazonaws.com,,"[{""resourceType"":""AWS::IAM::User"",""resourceName"":""CloudTrail""},{""resourceType"":""AWS::IAM::User"",""resourceName"":""AIDA27ZCBQQGWLPVHPNJ2""},{""resourceType"":""AWS::IAM::User"",""resourceName"":""arn:aws:iam::755448775693:user/CloudTrail""}]",5ac8148a-896b-4798-809c-79933daf21ed,ff52d532-9ddb-4129-881a-c0b093c42c8f,false,AwsApiCall,755448775693,Management
root,ASIA27ZCBQQGVIRL6KWU,2021-04-03T00:57:38Z,iam.amazonaws.com,CreateGroup,us-east-1,49.37.215.97,console.amazonaws.com,,"[{""resourceType"":""AWS::IAM::Group"",""resourceName"":""Reviewers""},{""resourceType"":""AWS::IAM::Group"",""resourceName"":""AGPA27ZCBQQGSFRZWMVCV""},{""resourceType"":""AWS::IAM::Group"",""resourceName"":""arn:aws:iam::755448775693:group/Reviewers""}]",5586dfff-9fe3-45cb-bf9f-2de1156ebcd2,99fac8cf-6f5d-4aa7-8b38-1c6881dc3d14,false,AwsApiCall,755448775693,Management
root,ASIA27ZCBQQGVIRL6KWU,2021-04-03T00:57:38Z,iam.amazonaws.com,AttachGroupPolicy,us-east-1,49.37.215.97,console.amazonaws.com,,"[{""resourceType"":""AWS::IAM::Policy"",""resourceName"":""arn:aws:iam::aws:policy/job-function/Billing""},{""resourceType"":""AWS::IAM::Group"",""resourceName"":""Reviewers""}]",96d7d24e-70c7-43ea-9689-eb14604d9061,bfb4fd9d-67a1-4fd5-83af-c903ef885f89,false,AwsApiCall,755448775693,Management
root,ASIA27ZCBQQGVIRL6KWU,2021-04-03T00:57:38Z,iam.amazonaws.com,AttachGroupPolicy,us-east-1,49.37.215.97,console.amazonaws.com,,"[{""resourceType"":""AWS::IAM::Policy"",""resourceName"":""arn:aws:iam::aws:policy/AWSBillingReadOnlyAccess""},{""resourceType"":""AWS::IAM::Group"",""resourceName"":""Reviewers""}]",49642282-4abe-4eaf-8ff0-c9f54bf9fb79,cfd83bb0-adeb-4e1d-895d-13bd43ae4bd9,false,AwsApiCall,755448775693,Management
root,ASIA27ZCBQQGVIRL6KWU,2021-04-03T00:57:05Z,iam.amazonaws.com,CreateGroup,us-east-1,49.37.215.97,console.amazonaws.com,,"[{""resourceType"":""AWS::IAM::Group"",""resourceName"":""CloudTrailAdmins""},{""resourceType"":""AWS::IAM::Group"",""resourceName"":""arn:aws:iam::755448775693:group/CloudTrailAdmins""},{""resourceType"":""AWS::IAM::Group"",""resourceName"":""AGPA27ZCBQQG5ZSOAMCSH""}]",4d3fdce2-d618-45bb-9a34-8d66b037ca6d,895311d0-eb89-4f14-898b-148d062ef4f3,false,AwsApiCall,755448775693,Management
root,ASIA27ZCBQQGVIRL6KWU,2021-04-03T00:57:05Z,iam.amazonaws.com,AttachGroupPolicy,us-east-1,49.37.215.97,console.amazonaws.com,,"[{""resourceType"":""AWS::IAM::Policy"",""resourceName"":""arn:aws:iam::aws:policy/AWSCloudTrailReadOnlyAccess""},{""resourceType"":""AWS::IAM::Group"",""resourceName"":""CloudTrailAdmins""}]",f990a9db-0a6c-4cbd-a35c-d5bb20c7d1ff,b9a47963-c26c-4c47-bd62-d8327d81b0b4,false,AwsApiCall,755448775693,Management
root,ASIA27ZCBQQGVIRL6KWU,2021-04-03T00:57:05Z,iam.amazonaws.com,AttachGroupPolicy,us-east-1,49.37.215.97,console.amazonaws.com,,"[{""resourceType"":""AWS::IAM::Policy"",""resourceName"":""arn:aws:iam::aws:policy/AWSCloudTrail_FullAccess""},{""resourceType"":""AWS::IAM::Group"",""resourceName"":""CloudTrailAdmins""}]",f9fe8b7b-c208-4b5d-9275-ee50b84fa44c,e6abd12d-e95f-4f59-9b12-3ab7e61b67d5,false,AwsApiCall,755448775693,Management
root,ASIA27ZCBQQGVIRL6KWU,2021-04-03T00:53:13Z,iam.amazonaws.com,UpdateAccountPasswordPolicy,us-east-1,49.37.215.97,console.amazonaws.com,,[],14533b92-8fff-472d-93c9-5f7287b12425,7e30f98e-5bda-4c87-966b-329caa9b3256,false,AwsApiCall,755448775693,Management
root,ASIA27ZCBQQGVIRL6KWU,2021-04-03T00:51:20Z,iam.amazonaws.com,UpdateAccountPasswordPolicy,us-east-1,49.37.215.97,console.amazonaws.com,,[],551dbce4-01a2-41f4-938f-ffdf74c56b80,8b2a606f-6054-47d7-b6de-e4789e36c4f7,false,AwsApiCall,755448775693,Management
root,,2021-04-03T00:47:14Z,signin.amazonaws.com,ConsoleLogin,us-east-1,49.37.215.97,"Mozilla/5.0 (Macintosh; Intel Mac OS X 11_1_0) AppleWebKit/537.36 (KHTML, like Gecko) Chrome/89.0.4389.114 Safari/537.36",,[],,399361ce-bc63-47b8-aadb-dd2c114cc579,false,AwsConsoleSignIn,755448775693,Management
root,,2021-03-30T04:50:02Z,signin.amazonaws.com,ConsoleLogin,us-east-1,49.37.211.213,"Mozilla/5.0 (X11; CrOS x86_64 13505.112.0) AppleWebKit/537.36 (KHTML, like Gecko) Chrome/87.0.4280.152 Safari/537.36",,[],,61185b34-afe3-4385-934b-d4347189263d,false,AwsConsoleSignIn,755448775693,Management
root,,2021-03-24T03:06:54Z,signin.amazonaws.com,ConsoleLogin,us-east-1,49.37.211.213,"Mozilla/5.0 (X11; CrOS x86_64 13505.112.0) AppleWebKit/537.36 (KHTML, like Gecko) Chrome/87.0.4280.152 Safari/537.36",,[],,69fc396f-15be-4ccc-8a83-869159fa92b8,false,AwsConsoleSignIn,755448775693,Management
root,,2021-03-22T23:45:15Z,signin.amazonaws.com,ConsoleLogin,us-east-1,49.37.215.45,"Mozilla/5.0 (X11; CrOS x86_64 13505.112.0) AppleWebKit/537.36 (KHTML, like Gecko) Chrome/87.0.4280.152 Safari/537.36",,[],,31cbaa97-a7bc-431b-bf68-641ec346ab5d,false,AwsConsoleSignIn,755448775693,Management
root,,2021-03-22T00:55:36Z,signin.amazonaws.com,ConsoleLogin,us-east-1,49.37.211.49,"Mozilla/5.0 (Macintosh; Intel Mac OS X 11_1_0) AppleWebKit/537.36 (KHTML, like Gecko) Chrome/89.0.4389.90 Safari/537.36",,[],,8a552fad-8134-4aa0-a2e8-8e52e8d5ef8b,false,AwsConsoleSignIn,755448775693,Management
root,,2021-03-21T03:59:53Z,signin.amazonaws.com,ConsoleLogin,us-east-1,49.37.215.97,"Mozilla/5.0 (X11; CrOS x86_64 13505.112.0) AppleWebKit/537.36 (KHTML, like Gecko) Chrome/87.0.4280.152 Safari/537.36",,[],,b6c4a494-2e4d-487f-b597-fdd79153f8e0,false,AwsConsoleSignIn,755448775693,Management
root,,2021-03-20T17:36:27Z,signin.amazonaws.com,ConsoleLogin,us-east-1,49.37.209.3,"Mozilla/5.0 (Macintosh; Intel Mac OS X 11_1_0) AppleWebKit/537.36 (KHTML, like Gecko) Chrome/89.0.4389.90 Safari/537.36",,[],,e227fb84-d4f2-4e09-8de4-e60e46fb1798,false,AwsConsoleSignIn,755448775693,Management
root,ASIA27ZCBQQGZIZFQWOJ,2021-03-20T05:55:02Z,iam.amazonaws.com,AttachRolePolicy,us-east-1,49.37.209.3,aws-internal/3 aws-sdk-java/1.11.848 Linux/4.9.230-0.1.ac.224.84.332.metal1.x86_64 OpenJDK_64-Bit_Server_VM/25.202-b08 java/1.8.0_202 vendor/Oracle_Corporation,,"[{""resourceType"":""AWS::IAM::Policy"",""resourceName"":""arn:aws:iam::aws:policy/service-role/AmazonRDSEnhancedMonitoringRole""},{""resourceType"":""AWS::IAM::Role"",""resourceName"":""rds-monitoring-role""}]",00212ab0-3fc4-422d-bb3e-fab85049dc2f,db2699ef-42db-48b3-b823-3ec1b32608f5,false,AwsApiCall,755448775693,Management
root,ASIA27ZCBQQGZIZFQWOJ,2021-03-20T05:55:01Z,iam.amazonaws.com,CreateRole,us-east-1,49.37.209.3,aws-internal/3 aws-sdk-java/1.11.848 Linux/4.9.230-0.1.ac.224.84.332.metal1.x86_64 OpenJDK_64-Bit_Server_VM/25.202-b08 java/1.8.0_202 vendor/Oracle_Corporation,,"[{""resourceType"":""AWS::IAM::Role"",""resourceName"":""AROA27ZCBQQGZHFHUC5M2""},{""resourceType"":""AWS::IAM::Role"",""resourceName"":""arn:aws:iam::755448775693:role/rds-monitoring-role""},{""resourceType"":""AWS::IAM::Role"",""resourceName"":""rds-monitoring-role""}]",99435f37-8285-440c-8e9b-530c5ff21e34,3caaf4b8-b48a-4711-b4df-6031ad2e5c03,false,AwsApiCall,755448775693,Management
root,ASIA27ZCBQQGTQEH24P5,2021-03-20T05:34:55Z,iam.amazonaws.com,AttachRolePolicy,us-east-1,49.37.209.3,aws-internal/3 aws-sdk-java/1.11.970 Linux/5.4.95-47.164.amzn2int.x86_64 OpenJDK_64-Bit_Server_VM/25.282-b08 java/1.8.0_282 vendor/Oracle_Corporation,,"[{""resourceType"":""AWS::IAM::Policy"",""resourceName"":""arn:aws:iam::aws:policy/service-role/AmazonDMSVPCManagementRole""},{""resourceType"":""AWS::IAM::Role"",""resourceName"":""dms-vpc-role""}]",532e92a4-08e0-410c-a130-4e46bdbf490a,e400559f-44ab-467e-9998-c918e200975a,false,AwsApiCall,755448775693,Management
root,ASIA27ZCBQQGTQEH24P5,2021-03-20T05:34:54Z,iam.amazonaws.com,CreateRole,us-east-1,49.37.209.3,aws-internal/3 aws-sdk-java/1.11.970 Linux/5.4.95-47.164.amzn2int.x86_64 OpenJDK_64-Bit_Server_VM/25.282-b08 java/1.8.0_282 vendor/Oracle_Corporation,,"[{""resourceType"":""AWS::IAM::Role"",""resourceName"":""dms-vpc-role""},{""resourceType"":""AWS::IAM::Role"",""resourceName"":""AROA27ZCBQQGXB4C3RNNO""},{""resourceType"":""AWS::IAM::Role"",""resourceName"":""arn:aws:iam::755448775693:role/dms-vpc-role""}]",0741814b-fe1c-4c81-b7e6-7eebd6e8a899,da6d5788-e09d-4ea1-a407-ae07fb7e95e9,false,AwsApiCall,755448775693,Management
root,,2021-03-20T05:17:03Z,signin.amazonaws.com,ConsoleLogin,us-east-1,49.37.209.3,"Mozilla/5.0 (Macintosh; Intel Mac OS X 11_1_0) AppleWebKit/537.36 (KHTML, like Gecko) Chrome/89.0.4389.82 Safari/537.36",,[],,ed9f3260-164c-4c39-945d-d570bc29f29f,false,AwsConsoleSignIn,755448775693,Management
root,,2021-03-20T03:57:36Z,signin.amazonaws.com,ConsoleLogin,us-east-1,49.37.209.3,"Mozilla/5.0 (X11; CrOS x86_64 13505.112.0) AppleWebKit/537.36 (KHTML, like Gecko) Chrome/87.0.4280.152 Safari/537.36",,[],,fc0dab77-5934-4b3f-9a41-10ee55f95b3f,false,AwsConsoleSignIn,755448775693,Management
root,,2021-03-15T03:52:37Z,signin.amazonaws.com,ConsoleLogin,us-east-1,49.37.211.13,"Mozilla/5.0 (X11; CrOS x86_64 13505.112.0) AppleWebKit/537.36 (KHTML, like Gecko) Chrome/87.0.4280.152 Safari/537.36",,[],,b5514516-ac65-4115-8d89-a4d4678548c1,false,AwsConsoleSignIn,755448775693,Management
root,,2021-03-11T00:34:44Z,signin.amazonaws.com,ConsoleLogin,us-east-1,49.37.213.103,"Mozilla/5.0 (X11; CrOS x86_64 13505.112.0) AppleWebKit/537.36 (KHTML, like Gecko) Chrome/87.0.4280.152 Safari/537.36",,[],,7f8aa47d-8d7f-4e6b-858e-1826c389f0ea,false,AwsConsoleSignIn,755448775693,Management
root,,2021-03-10T00:11:24Z,signin.amazonaws.com,ConsoleLogin,us-east-1,49.37.209.175,"Mozilla/5.0 (X11; CrOS x86_64 13505.112.0) AppleWebKit/537.36 (KHTML, like Gecko) Chrome/87.0.4280.152 Safari/537.36",,[],,420e50a1-f16d-4c4e-aa37-8b516585a962,false,AwsConsoleSignIn,755448775693,Management
root,,2021-03-09T05:11:10Z,signin.amazonaws.com,ConsoleLogin,us-east-1,49.37.211.169,"Mozilla/5.0 (X11; CrOS x86_64 13505.112.0) AppleWebKit/537.36 (KHTML, like Gecko) Chrome/87.0.4280.152 Safari/537.36",,[],,ffbf2f03-6036-4b99-8a3a-dd67608928bf,false,AwsConsoleSignIn,755448775693,Management
root,ASIA27ZCBQQGX4XXLSLQ,2021-03-08T04:40:49Z,iam.amazonaws.com,CreatePolicy,us-east-1,49.37.211.249,console.amazonaws.com,,"[{""resourceType"":""AWS::IAM::Policy"",""resourceName"":""arn:aws:iam::755448775693:policy/Udacity-temp""},{""resourceType"":""AWS::IAM::Policy"",""resourceName"":""ANPA27ZCBQQG22WD7RW46""},{""resourceType"":""AWS::IAM::Policy"",""resourceName"":""Udacity-temp""}]",87e16c1d-c06d-4c5f-be7c-9904a7401280,fa027fd7-aa6e-422b-bc65-793cd5bd4f83,false,AwsApiCall,755448775693,Management
root,ASIAIKZYU7NK3GFACR3A,2021-03-08T03:18:43Z,iam.amazonaws.com,DetachRolePolicy,us-east-1,cloudformation.amazonaws.com,cloudformation.amazonaws.com,,"[{""resourceType"":""AWS::IAM::Policy"",""resourceName"":""arn:aws:iam::aws:policy/AmazonEKSVPCResourceController""},{""resourceType"":""AWS::IAM::Role"",""resourceName"":""eksctl-capstone-cluster-ServiceRole-1NIHAM1VTA8RL""}]",08ca04fa-14e3-4e40-aade-a9d54db99c91,44a69ad3-9643-40b9-8927-a55ff6366312,false,AwsApiCall,755448775693,Management
root,ASIAIKZYU7NK3GFACR3A,2021-03-08T03:18:43Z,iam.amazonaws.com,DeleteRole,us-east-1,cloudformation.amazonaws.com,cloudformation.amazonaws.com,,"[{""resourceType"":""AWS::IAM::Role"",""resourceName"":""eksctl-capstone-cluster-ServiceRole-1NIHAM1VTA8RL""}]",dd9cc9da-8b39-441b-873e-a5d1cf69a049,5ce6dd82-6ce3-48ee-977e-88957440bd75,false,AwsApiCall,755448775693,Management
root,ASIAIKZYU7NK3GFACR3A,2021-03-08T03:18:43Z,iam.amazonaws.com,DetachRolePolicy,us-east-1,cloudformation.amazonaws.com,cloudformation.amazonaws.com,,"[{""resourceType"":""AWS::IAM::Policy"",""resourceName"":""arn:aws:iam::aws:policy/AmazonEKSClusterPolicy""},{""resourceType"":""AWS::IAM::Role"",""resourceName"":""eksctl-capstone-cluster-ServiceRole-1NIHAM1VTA8RL""}]",6bf891f2-898f-4c8c-b97e-f759c2a3a35c,b6e22465-6041-4564-96d8-93652d5c59d4,false,AwsApiCall,755448775693,Management
root,ASIAIKZYU7NK3GFACR3A,2021-03-08T03:17:40Z,iam.amazonaws.com,DeleteRolePolicy,us-east-1,cloudformation.amazonaws.com,cloudformation.amazonaws.com,,"[{""resourceType"":""AWS::IAM::Policy"",""resourceName"":""eksctl-capstone-cluster-PolicyELBPermissions""},{""resourceType"":""AWS::IAM::Role"",""resourceName"":""eksctl-capstone-cluster-ServiceRole-1NIHAM1VTA8RL""}]",27ffc25e-ab11-40da-a3e5-cc98bfb59015,2861bdd9-b9d6-4eb6-91eb-bd8a37ef97e2,false,AwsApiCall,755448775693,Management
root,ASIAIKZYU7NK3GFACR3A,2021-03-08T03:17:40Z,iam.amazonaws.com,DeleteRolePolicy,us-east-1,cloudformation.amazonaws.com,cloudformation.amazonaws.com,,"[{""resourceType"":""AWS::IAM::Policy"",""resourceName"":""eksctl-capstone-cluster-PolicyCloudWatchMetrics""},{""resourceType"":""AWS::IAM::Role"",""resourceName"":""eksctl-capstone-cluster-ServiceRole-1NIHAM1VTA8RL""}]",4203254f-87ea-4432-befa-5eb50680daaf,30f981ac-4129-427e-9968-25d03df95569,false,AwsApiCall,755448775693,Management
root,ASIAI4T3UUX3XZ7YDYJA,2021-03-08T03:17:28Z,iam.amazonaws.com,DetachRolePolicy,us-east-1,cloudformation.amazonaws.com,cloudformation.amazonaws.com,,"[{""resourceType"":""AWS::IAM::Policy"",""resourceName"":""arn:aws:iam::aws:policy/AmazonEKS_CNI_Policy""},{""resourceType"":""AWS::IAM::Role"",""resourceName"":""eksctl-capstone-nodegroup-linux-n-NodeInstanceRole-ZWXWVX45X14Z""}]",ac3de8c8-3118-465d-95fc-6da02b403a5c,035a546a-6567-4471-a753-b7b8576f6c68,false,AwsApiCall,755448775693,Management
root,ASIAI4T3UUX3XZ7YDYJA,2021-03-08T03:17:28Z,iam.amazonaws.com,DetachRolePolicy,us-east-1,cloudformation.amazonaws.com,cloudformation.amazonaws.com,,"[{""resourceType"":""AWS::IAM::Policy"",""resourceName"":""arn:aws:iam::aws:policy/AmazonEKSWorkerNodePolicy""},{""resourceType"":""AWS::IAM::Role"",""resourceName"":""eksctl-capstone-nodegroup-linux-n-NodeInstanceRole-ZWXWVX45X14Z""}]",6c485a08-5acc-40c4-9686-7cadf16eb1fc,503e7442-0df2-46f9-bee4-c065b7d94d58,false,AwsApiCall,755448775693,Management
root,ASIAI4T3UUX3XZ7YDYJA,2021-03-08T03:17:28Z,iam.amazonaws.com,DeleteRole,us-east-1,cloudformation.amazonaws.com,cloudformation.amazonaws.com,,"[{""resourceType"":""AWS::IAM::Role"",""resourceName"":""eksctl-capstone-nodegroup-linux-n-NodeInstanceRole-ZWXWVX45X14Z""}]",81b85997-69f0-4685-92b7-d948dbe76084,8cf7a6da-5251-4f43-b88a-252d9c189579,false,AwsApiCall,755448775693,Management
root,ASIAI4T3UUX3XZ7YDYJA,2021-03-08T03:17:28Z,iam.amazonaws.com,DetachRolePolicy,us-east-1,cloudformation.amazonaws.com,cloudformation.amazonaws.com,,"[{""resourceType"":""AWS::IAM::Policy"",""resourceName"":""arn:aws:iam::aws:policy/AmazonEC2ContainerRegistryReadOnly""},{""resourceType"":""AWS::IAM::Role"",""resourceName"":""eksctl-capstone-nodegroup-linux-n-NodeInstanceRole-ZWXWVX45X14Z""}]",35c0f91b-f51b-4034-833a-d71e9beb17fe,bb55ed4e-8a9f-4f0d-a29c-1008599361e1,false,AwsApiCall,755448775693,Management
EKS,ASIA27ZCBQQG3YFDG7NR,2021-03-08T03:17:17Z,iam.amazonaws.com,RemoveRoleFromInstanceProfile,us-east-1,eks-nodegroup.amazonaws.com,eks-nodegroup.amazonaws.com,,"[{""resourceType"":""AWS::IAM::InstanceProfile"",""resourceName"":""eks-8abc06b0-5cc5-a8bc-5614-06ed700f66d7""},{""resourceType"":""AWS::IAM::Role"",""resourceName"":""eksctl-capstone-nodegroup-linux-n-NodeInstanceRole-ZWXWVX45X14Z""}]",1412c0dd-0373-4be0-900d-c097f0a54b13,168092b2-d261-484f-8c29-67a16deada8d,false,AwsApiCall,755448775693,Management
EKS,ASIA27ZCBQQG3YFDG7NR,2021-03-08T03:17:17Z,iam.amazonaws.com,DeleteInstanceProfile,us-east-1,eks-nodegroup.amazonaws.com,eks-nodegroup.amazonaws.com,,"[{""resourceType"":""AWS::IAM::InstanceProfile"",""resourceName"":""eks-8abc06b0-5cc5-a8bc-5614-06ed700f66d7""}]",6b3ba888-04ef-467c-80d7-9eb343b183b8,84d025b7-3ddf-49da-a9f1-a53b6dd4de23,false,AwsApiCall,755448775693,Management
root,,2021-03-08T03:15:54Z,signin.amazonaws.com,ConsoleLogin,us-east-1,49.37.211.249,"Mozilla/5.0 (X11; CrOS x86_64 13505.112.0) AppleWebKit/537.36 (KHTML, like Gecko) Chrome/87.0.4280.152 Safari/537.36",,[],,d19356e0-305c-4ead-a0b0-7cad94325c1d,false,AwsConsoleSignIn,755448775693,Management
EKS,ASIA27ZCBQQG7AUSZOGP,2021-03-07T15:49:11Z,iam.amazonaws.com,AddRoleToInstanceProfile,us-east-1,eks-nodegroup.amazonaws.com,eks-nodegroup.amazonaws.com,,"[{""resourceType"":""AWS::IAM::InstanceProfile"",""resourceName"":""eks-8abc06b0-5cc5-a8bc-5614-06ed700f66d7""},{""resourceType"":""AWS::IAM::Role"",""resourceName"":""eksctl-capstone-nodegroup-linux-n-NodeInstanceRole-ZWXWVX45X14Z""}]",a0c25f18-bc38-4f4b-83a5-aa112c8f0ed6,0c66227b-53b6-45a4-8ade-fce24d5439c8,false,AwsApiCall,755448775693,Management
EKS,ASIA27ZCBQQG7AUSZOGP,2021-03-07T15:49:11Z,iam.amazonaws.com,CreateInstanceProfile,us-east-1,eks-nodegroup.amazonaws.com,eks-nodegroup.amazonaws.com,,"[{""resourceType"":""AWS::IAM::InstanceProfile"",""resourceName"":""AIPA27ZCBQQG34BBZJJ2S""},{""resourceType"":""AWS::IAM::InstanceProfile"",""resourceName"":""eks-8abc06b0-5cc5-a8bc-5614-06ed700f66d7""},{""resourceType"":""AWS::IAM::InstanceProfile"",""resourceName"":""arn:aws:iam::755448775693:instance-profile/eks-8abc06b0-5cc5-a8bc-5614-06ed700f66d7""}]",d7457651-7b6e-4344-8a6e-c7eca00a4a89,f97622a0-7490-445b-b79a-084d557efe70,false,AwsApiCall,755448775693,Management
root,ASIAJSZQCKPB77NIDIRA,2021-03-07T15:48:47Z,iam.amazonaws.com,AttachRolePolicy,us-east-1,cloudformation.amazonaws.com,cloudformation.amazonaws.com,,"[{""resourceType"":""AWS::IAM::Policy"",""resourceName"":""arn:aws:iam::aws:policy/AmazonEKSWorkerNodePolicy""},{""resourceType"":""AWS::IAM::Role"",""resourceName"":""eksctl-capstone-nodegroup-linux-n-NodeInstanceRole-ZWXWVX45X14Z""}]",7988cf3d-b0c5-41c9-86ba-ba52420f543b,07add49b-3e17-4f40-a4a0-9a9fbbbccc0e,false,AwsApiCall,755448775693,Management
root,ASIAJSZQCKPB77NIDIRA,2021-03-07T15:48:47Z,iam.amazonaws.com,CreateRole,us-east-1,cloudformation.amazonaws.com,cloudformation.amazonaws.com,,"[{""resourceType"":""AWS::IAM::Role"",""resourceName"":""eksctl-capstone-nodegroup-linux-n-NodeInstanceRole-ZWXWVX45X14Z""},{""resourceType"":""AWS::IAM::Role"",""resourceName"":""AROA27ZCBQQG5JREJMXZY""},{""resourceType"":""AWS::IAM::Role"",""resourceName"":""arn:aws:iam::755448775693:role/eksctl-capstone-nodegroup-linux-n-NodeInstanceRole-ZWXWVX45X14Z""}]",5418a6b5-4362-4c1b-beec-e9bbb07f57c8,3132646e-cb86-461b-b9b9-27968e38cb81,false,AwsApiCall,755448775693,Management
root,ASIAJSZQCKPB77NIDIRA,2021-03-07T15:48:47Z,iam.amazonaws.com,AttachRolePolicy,us-east-1,cloudformation.amazonaws.com,cloudformation.amazonaws.com,,"[{""resourceType"":""AWS::IAM::Policy"",""resourceName"":""arn:aws:iam::aws:policy/AmazonEKS_CNI_Policy""},{""resourceType"":""AWS::IAM::Role"",""resourceName"":""eksctl-capstone-nodegroup-linux-n-NodeInstanceRole-ZWXWVX45X14Z""}]",cf516d0f-300f-41ff-a657-b7d4d7e55f82,793f845b-2afe-4924-9fd8-3cb3f731ed02,false,AwsApiCall,755448775693,Management
root,ASIAJSZQCKPB77NIDIRA,2021-03-07T15:48:47Z,iam.amazonaws.com,AttachRolePolicy,us-east-1,cloudformation.amazonaws.com,cloudformation.amazonaws.com,,"[{""resourceType"":""AWS::IAM::Policy"",""resourceName"":""arn:aws:iam::aws:policy/AmazonEC2ContainerRegistryReadOnly""},{""resourceType"":""AWS::IAM::Role"",""resourceName"":""eksctl-capstone-nodegroup-linux-n-NodeInstanceRole-ZWXWVX45X14Z""}]",c35df465-22fd-4376-b6ce-ec972c6a8f8c,b7b4979a-53b6-4f34-86a5-05417353a1e6,false,AwsApiCall,755448775693,Management
root,ASIAI5DUJP4T4WUX57RQ,2021-03-07T15:36:57Z,iam.amazonaws.com,PutRolePolicy,us-east-1,cloudformation.amazonaws.com,cloudformation.amazonaws.com,,"[{""resourceType"":""AWS::IAM::Policy"",""resourceName"":""eksctl-capstone-cluster-PolicyCloudWatchMetrics""},{""resourceType"":""AWS::IAM::Role"",""resourceName"":""eksctl-capstone-cluster-ServiceRole-1NIHAM1VTA8RL""}]",bda22804-e033-4368-b236-68caddc957c6,bcff6b10-af0e-4d41-8bb2-8de8e8319e63,false,AwsApiCall,755448775693,Management
root,ASIAI5DUJP4T4WUX57RQ,2021-03-07T15:36:56Z,iam.amazonaws.com,PutRolePolicy,us-east-1,cloudformation.amazonaws.com,cloudformation.amazonaws.com,,"[{""resourceType"":""AWS::IAM::Policy"",""resourceName"":""eksctl-capstone-cluster-PolicyELBPermissions""},{""resourceType"":""AWS::IAM::Role"",""resourceName"":""eksctl-capstone-cluster-ServiceRole-1NIHAM1VTA8RL""}]",87dc5925-63aa-46e3-84df-f00ce12e224d,4da979cb-2825-4c38-a2f4-23e3eea3e13d,false,AwsApiCall,755448775693,Management
root,ASIAI5DUJP4T4WUX57RQ,2021-03-07T15:36:38Z,iam.amazonaws.com,AttachRolePolicy,us-east-1,cloudformation.amazonaws.com,cloudformation.amazonaws.com,,"[{""resourceType"":""AWS::IAM::Policy"",""resourceName"":""arn:aws:iam::aws:policy/AmazonEKSClusterPolicy""},{""resourceType"":""AWS::IAM::Role"",""resourceName"":""eksctl-capstone-cluster-ServiceRole-1NIHAM1VTA8RL""}]",0c704f2e-00e9-40c4-a4dc-2d650fdf4119,8a08ea1b-feec-4228-acbe-c040ea3c71da,false,AwsApiCall,755448775693,Management
root,ASIAI5DUJP4T4WUX57RQ,2021-03-07T15:36:37Z,iam.amazonaws.com,AttachRolePolicy,us-east-1,cloudformation.amazonaws.com,cloudformation.amazonaws.com,,"[{""resourceType"":""AWS::IAM::Policy"",""resourceName"":""arn:aws:iam::aws:policy/AmazonEKSVPCResourceController""},{""resourceType"":""AWS::IAM::Role"",""resourceName"":""eksctl-capstone-cluster-ServiceRole-1NIHAM1VTA8RL""}]",f85edd1c-4803-43f0-94c1-39a00cf5efcb,2d30051f-2961-4c45-8843-67fda22010c8,false,AwsApiCall,755448775693,Management
root,ASIAI5DUJP4T4WUX57RQ,2021-03-07T15:36:37Z,iam.amazonaws.com,CreateRole,us-east-1,cloudformation.amazonaws.com,cloudformation.amazonaws.com,,"[{""resourceType"":""AWS::IAM::Role"",""resourceName"":""arn:aws:iam::755448775693:role/eksctl-capstone-cluster-ServiceRole-1NIHAM1VTA8RL""},{""resourceType"":""AWS::IAM::Role"",""resourceName"":""AROA27ZCBQQG7AFBMS5TW""},{""resourceType"":""AWS::IAM::Role"",""resourceName"":""eksctl-capstone-cluster-ServiceRole-1NIHAM1VTA8RL""}]",af3f0120-8ae8-471f-aa0b-4dc7e7dc2354,d8e8256d-8011-4529-a43d-5598334f45ee,false,AwsApiCall,755448775693,Management
root,ASIAIYJDY2GKFG7PPUMA,2021-03-07T15:34:32Z,iam.amazonaws.com,DeleteRole,us-east-1,cloudformation.amazonaws.com,cloudformation.amazonaws.com,,"[{""resourceType"":""AWS::IAM::Role"",""resourceName"":""eksctl-capstone-cluster-ServiceRole-1DGBQBRBTKZD4""}]",c3ef5e0e-45da-4871-8846-56b494ab4424,9263d7da-e29a-4eab-91ef-fa1ba03b8473,false,AwsApiCall,755448775693,Management
root,ASIAIYJDY2GKFG7PPUMA,2021-03-07T15:34:31Z,iam.amazonaws.com,DetachRolePolicy,us-east-1,cloudformation.amazonaws.com,cloudformation.amazonaws.com,,"[{""resourceType"":""AWS::IAM::Policy"",""resourceName"":""arn:aws:iam::aws:policy/AmazonEKSClusterPolicy""},{""resourceType"":""AWS::IAM::Role"",""resourceName"":""eksctl-capstone-cluster-ServiceRole-1DGBQBRBTKZD4""}]",ba3496b7-15e6-48c3-a003-60e248d3ee9b,2c4e1f9a-0406-4941-900d-cf048092b784,false,AwsApiCall,755448775693,Management
root,ASIAIYJDY2GKFG7PPUMA,2021-03-07T15:34:31Z,iam.amazonaws.com,DetachRolePolicy,us-east-1,cloudformation.amazonaws.com,cloudformation.amazonaws.com,,"[{""resourceType"":""AWS::IAM::Policy"",""resourceName"":""arn:aws:iam::aws:policy/AmazonEKSVPCResourceController""},{""resourceType"":""AWS::IAM::Role"",""resourceName"":""eksctl-capstone-cluster-ServiceRole-1DGBQBRBTKZD4""}]",5a25fe02-13c2-4481-9e7f-4c3265f40b95,76c5c904-a093-429b-a58d-a0e73707dc1c,false,AwsApiCall,755448775693,Management
root,ASIAIYJDY2GKFG7PPUMA,2021-03-07T15:33:29Z,iam.amazonaws.com,DeleteRolePolicy,us-east-1,cloudformation.amazonaws.com,cloudformation.amazonaws.com,,"[{""resourceType"":""AWS::IAM::Policy"",""resourceName"":""eksctl-capstone-cluster-PolicyCloudWatchMetrics""},{""resourceType"":""AWS::IAM::Role"",""resourceName"":""eksctl-capstone-cluster-ServiceRole-1DGBQBRBTKZD4""}]",9559237a-9ba7-4081-b96b-1807ce3d813a,37e2a261-ae86-451f-a2c7-11a964ce5ec5,false,AwsApiCall,755448775693,Management
root,ASIAIYJDY2GKFG7PPUMA,2021-03-07T15:33:29Z,iam.amazonaws.com,DeleteRolePolicy,us-east-1,cloudformation.amazonaws.com,cloudformation.amazonaws.com,,"[{""resourceType"":""AWS::IAM::Policy"",""resourceName"":""eksctl-capstone-cluster-PolicyELBPermissions""},{""resourceType"":""AWS::IAM::Role"",""resourceName"":""eksctl-capstone-cluster-ServiceRole-1DGBQBRBTKZD4""}]",81ba8890-72a5-4df9-88c5-b5c69169a2f1,a6f124f1-391f-48c2-9e1e-340a6f5b3ea2,false,AwsApiCall,755448775693,Management
root,ASIAJMYGI4E4Y6XS4C5A,2021-03-07T15:33:09Z,iam.amazonaws.com,DetachRolePolicy,us-east-1,cloudformation.amazonaws.com,cloudformation.amazonaws.com,,"[{""resourceType"":""AWS::IAM::Policy"",""resourceName"":""arn:aws:iam::aws:policy/AmazonEKS_CNI_Policy""},{""resourceType"":""AWS::IAM::Role"",""resourceName"":""eksctl-capstone-nodegroup-linux-n-NodeInstanceRole-1DHFINQKMS84B""}]",b686d664-cd65-471a-8dc3-56d1fc91b2e7,4383c16e-4580-4a5b-baa2-0d1b67c0aa27,false,AwsApiCall,755448775693,Management
root,ASIAJMYGI4E4Y6XS4C5A,2021-03-07T15:33:09Z,iam.amazonaws.com,DeleteRole,us-east-1,cloudformation.amazonaws.com,cloudformation.amazonaws.com,,"[{""resourceType"":""AWS::IAM::Role"",""resourceName"":""eksctl-capstone-nodegroup-linux-n-NodeInstanceRole-1DHFINQKMS84B""}]",fca34764-0b06-44d0-9bb2-5737734cb789,52c71ac3-55b9-4818-a7b9-1de6837aa77f,false,AwsApiCall,755448775693,Management
root,ASIAJMYGI4E4Y6XS4C5A,2021-03-07T15:33:09Z,iam.amazonaws.com,DetachRolePolicy,us-east-1,cloudformation.amazonaws.com,cloudformation.amazonaws.com,,"[{""resourceType"":""AWS::IAM::Policy"",""resourceName"":""arn:aws:iam::aws:policy/AmazonEC2ContainerRegistryReadOnly""},{""resourceType"":""AWS::IAM::Role"",""resourceName"":""eksctl-capstone-nodegroup-linux-n-NodeInstanceRole-1DHFINQKMS84B""}]",554f4f60-ff4f-4f1a-b38a-7293325122b0,b5762496-c74e-4a8a-8db7-45c63e7262e8,false,AwsApiCall,755448775693,Management
root,ASIAJMYGI4E4Y6XS4C5A,2021-03-07T15:33:09Z,iam.amazonaws.com,DetachRolePolicy,us-east-1,cloudformation.amazonaws.com,cloudformation.amazonaws.com,,"[{""resourceType"":""AWS::IAM::Policy"",""resourceName"":""arn:aws:iam::aws:policy/AmazonEKSWorkerNodePolicy""},{""resourceType"":""AWS::IAM::Role"",""resourceName"":""eksctl-capstone-nodegroup-linux-n-NodeInstanceRole-1DHFINQKMS84B""}]",baed7abf-263f-4b4e-8de2-a71183b91f40,d25f2363-0332-4d92-8bb1-69069e4d6720,false,AwsApiCall,755448775693,Management
EKS,ASIA27ZCBQQG7B4D3GVM,2021-03-07T15:32:58Z,iam.amazonaws.com,RemoveRoleFromInstanceProfile,us-east-1,eks-nodegroup.amazonaws.com,eks-nodegroup.amazonaws.com,,"[{""resourceType"":""AWS::IAM::InstanceProfile"",""resourceName"":""eks-08bc0691-c9c2-61cb-0cb7-5d8d53f407c6""},{""resourceType"":""AWS::IAM::Role"",""resourceName"":""eksctl-capstone-nodegroup-linux-n-NodeInstanceRole-1DHFINQKMS84B""}]",d5d398a7-87a4-4815-99c2-c3e04e57f7e4,d6ffcb34-fce1-41ef-b86c-76b008bbe558,false,AwsApiCall,755448775693,Management
EKS,ASIA27ZCBQQG7B4D3GVM,2021-03-07T15:32:58Z,iam.amazonaws.com,DeleteInstanceProfile,us-east-1,eks-nodegroup.amazonaws.com,eks-nodegroup.amazonaws.com,,"[{""resourceType"":""AWS::IAM::InstanceProfile"",""resourceName"":""eks-08bc0691-c9c2-61cb-0cb7-5d8d53f407c6""}]",2d31bcda-93cd-4aeb-b9ce-42aa31115cd2,e1619fcc-df0a-4a83-9bd0-a449a91a73b7,false,AwsApiCall,755448775693,Management
EKS,ASIA27ZCBQQG7AXJPQ4V,2021-03-07T14:42:24Z,iam.amazonaws.com,CreateInstanceProfile,us-east-1,eks-nodegroup.amazonaws.com,eks-nodegroup.amazonaws.com,,"[{""resourceType"":""AWS::IAM::InstanceProfile"",""resourceName"":""eks-08bc0691-c9c2-61cb-0cb7-5d8d53f407c6""},{""resourceType"":""AWS::IAM::InstanceProfile"",""resourceName"":""arn:aws:iam::755448775693:instance-profile/eks-08bc0691-c9c2-61cb-0cb7-5d8d53f407c6""},{""resourceType"":""AWS::IAM::InstanceProfile"",""resourceName"":""AIPA27ZCBQQGY64BWWFMP""}]",37253aba-5498-4da0-9fbe-03d5eaf80e1f,39bb2c18-51c3-45ea-9c0d-364ec11bd0e7,false,AwsApiCall,755448775693,Management
EKS,ASIA27ZCBQQG7AXJPQ4V,2021-03-07T14:42:24Z,iam.amazonaws.com,AddRoleToInstanceProfile,us-east-1,eks-nodegroup.amazonaws.com,eks-nodegroup.amazonaws.com,,"[{""resourceType"":""AWS::IAM::InstanceProfile"",""resourceName"":""eks-08bc0691-c9c2-61cb-0cb7-5d8d53f407c6""},{""resourceType"":""AWS::IAM::Role"",""resourceName"":""eksctl-capstone-nodegroup-linux-n-NodeInstanceRole-1DHFINQKMS84B""}]",1bb6836e-1d04-4074-9140-a678524b3e9b,8854432d-d5e8-433a-bfc5-439674fe0da1,false,AwsApiCall,755448775693,Management
root,ASIAJIPJAZQGLEPWPXZA,2021-03-07T14:41:59Z,iam.amazonaws.com,AttachRolePolicy,us-east-1,cloudformation.amazonaws.com,cloudformation.amazonaws.com,,"[{""resourceType"":""AWS::IAM::Policy"",""resourceName"":""arn:aws:iam::aws:policy/AmazonEC2ContainerRegistryReadOnly""},{""resourceType"":""AWS::IAM::Role"",""resourceName"":""eksctl-capstone-nodegroup-linux-n-NodeInstanceRole-1DHFINQKMS84B""}]",f2678279-5f61-479c-94f2-4a420bd0b6e6,7d51069c-8238-40c7-9665-a0dc4b4e297c,false,AwsApiCall,755448775693,Management
root,ASIAJIPJAZQGLEPWPXZA,2021-03-07T14:41:59Z,iam.amazonaws.com,AttachRolePolicy,us-east-1,cloudformation.amazonaws.com,cloudformation.amazonaws.com,,"[{""resourceType"":""AWS::IAM::Policy"",""resourceName"":""arn:aws:iam::aws:policy/AmazonEKS_CNI_Policy""},{""resourceType"":""AWS::IAM::Role"",""resourceName"":""eksctl-capstone-nodegroup-linux-n-NodeInstanceRole-1DHFINQKMS84B""}]",1e4f52c0-c66c-4d5a-883d-697610e86089,91694242-9bf4-4996-9ac7-c550b2bc088c,false,AwsApiCall,755448775693,Management
root,ASIAJIPJAZQGLEPWPXZA,2021-03-07T14:41:59Z,iam.amazonaws.com,AttachRolePolicy,us-east-1,cloudformation.amazonaws.com,cloudformation.amazonaws.com,,"[{""resourceType"":""AWS::IAM::Policy"",""resourceName"":""arn:aws:iam::aws:policy/AmazonEKSWorkerNodePolicy""},{""resourceType"":""AWS::IAM::Role"",""resourceName"":""eksctl-capstone-nodegroup-linux-n-NodeInstanceRole-1DHFINQKMS84B""}]",7bbf4268-94c6-4065-8250-b170b1815946,b3b9526d-b4d1-4410-ab5d-821b6d95f20a,false,AwsApiCall,755448775693,Management
root,ASIAJIPJAZQGLEPWPXZA,2021-03-07T14:41:58Z,iam.amazonaws.com,CreateRole,us-east-1,cloudformation.amazonaws.com,cloudformation.amazonaws.com,,"[{""resourceType"":""AWS::IAM::Role"",""resourceName"":""eksctl-capstone-nodegroup-linux-n-NodeInstanceRole-1DHFINQKMS84B""},{""resourceType"":""AWS::IAM::Role"",""resourceName"":""arn:aws:iam::755448775693:role/eksctl-capstone-nodegroup-linux-n-NodeInstanceRole-1DHFINQKMS84B""},{""resourceType"":""AWS::IAM::Role"",""resourceName"":""AROA27ZCBQQG6VUEFHQEF""}]",cffaf0e8-5d22-413a-b1e4-b14bd175af82,fc17d527-0918-40e7-a8f2-917bccc26dfe,false,AwsApiCall,755448775693,Management
root,ASIAJYDV4ZJYLUCYTRYA,2021-03-07T14:31:08Z,iam.amazonaws.com,PutRolePolicy,us-east-1,cloudformation.amazonaws.com,cloudformation.amazonaws.com,,"[{""resourceType"":""AWS::IAM::Policy"",""resourceName"":""eksctl-capstone-cluster-PolicyCloudWatchMetrics""},{""resourceType"":""AWS::IAM::Role"",""resourceName"":""eksctl-capstone-cluster-ServiceRole-1DGBQBRBTKZD4""}]",2af63ec1-3824-49cd-ad5d-92e1aab2b033,06bac5ea-6598-44fd-98cf-d2d733d8be65,false,AwsApiCall,755448775693,Management
root,ASIAJYDV4ZJYLUCYTRYA,2021-03-07T14:31:08Z,iam.amazonaws.com,PutRolePolicy,us-east-1,cloudformation.amazonaws.com,cloudformation.amazonaws.com,,"[{""resourceType"":""AWS::IAM::Policy"",""resourceName"":""eksctl-capstone-cluster-PolicyELBPermissions""},{""resourceType"":""AWS::IAM::Role"",""resourceName"":""eksctl-capstone-cluster-ServiceRole-1DGBQBRBTKZD4""}]",38f4d19a-bcdc-48eb-acb1-6798bcb55f83,3b9ae1db-3a01-44bc-8569-723ab53e96b9,false,AwsApiCall,755448775693,Management
root,ASIAJYDV4ZJYLUCYTRYA,2021-03-07T14:30:50Z,iam.amazonaws.com,AttachRolePolicy,us-east-1,cloudformation.amazonaws.com,cloudformation.amazonaws.com,,"[{""resourceType"":""AWS::IAM::Policy"",""resourceName"":""arn:aws:iam::aws:policy/AmazonEKSVPCResourceController""},{""resourceType"":""AWS::IAM::Role"",""resourceName"":""eksctl-capstone-cluster-ServiceRole-1DGBQBRBTKZD4""}]",b4c84a69-b505-477a-8d3a-de33f0009a82,018fd125-c096-41ed-aa48-8fce10ac75f3,false,AwsApiCall,755448775693,Management
root,ASIAJYDV4ZJYLUCYTRYA,2021-03-07T14:30:50Z,iam.amazonaws.com,CreateRole,us-east-1,cloudformation.amazonaws.com,cloudformation.amazonaws.com,,"[{""resourceType"":""AWS::IAM::Role"",""resourceName"":""eksctl-capstone-cluster-ServiceRole-1DGBQBRBTKZD4""},{""resourceType"":""AWS::IAM::Role"",""resourceName"":""arn:aws:iam::755448775693:role/eksctl-capstone-cluster-ServiceRole-1DGBQBRBTKZD4""},{""resourceType"":""AWS::IAM::Role"",""resourceName"":""AROA27ZCBQQGQ52NEBHG6""}]",494e7f08-629c-468d-9e2a-128d1b28f75c,1b7d1217-3fc2-4eb7-92a8-06f7f5596846,false,AwsApiCall,755448775693,Management
root,ASIAJYDV4ZJYLUCYTRYA,2021-03-07T14:30:50Z,iam.amazonaws.com,AttachRolePolicy,us-east-1,cloudformation.amazonaws.com,cloudformation.amazonaws.com,,"[{""resourceType"":""AWS::IAM::Policy"",""resourceName"":""arn:aws:iam::aws:policy/AmazonEKSClusterPolicy""},{""resourceType"":""AWS::IAM::Role"",""resourceName"":""eksctl-capstone-cluster-ServiceRole-1DGBQBRBTKZD4""}]",c43d6434-b1f1-4bee-91fe-0ade226b783e,84c74032-df6d-43fb-827f-10f33ad556a4,false,AwsApiCall,755448775693,Management
root,ASIAIKHLY35ZCFAAFI6A,2021-03-07T14:26:32Z,iam.amazonaws.com,DeleteRole,us-east-1,cloudformation.amazonaws.com,cloudformation.amazonaws.com,,"[{""resourceType"":""AWS::IAM::Role"",""resourceName"":""eksctl-capstone-cluster-ServiceRole-T62UBJ1WMUR1""}]",7961cd4f-ce8e-4b1b-8480-dd823eae0d44,3c08d589-6d48-497e-82cb-1e840f9ddebf,false,AwsApiCall,755448775693,Management
root,ASIAIKHLY35ZCFAAFI6A,2021-03-07T14:26:31Z,iam.amazonaws.com,DetachRolePolicy,us-east-1,cloudformation.amazonaws.com,cloudformation.amazonaws.com,,"[{""resourceType"":""AWS::IAM::Policy"",""resourceName"":""arn:aws:iam::aws:policy/AmazonEKSVPCResourceController""},{""resourceType"":""AWS::IAM::Role"",""resourceName"":""eksctl-capstone-cluster-ServiceRole-T62UBJ1WMUR1""}]",e1a45974-d2bf-43aa-873a-0bd8dc64239c,4206857e-a88e-4b19-a5a6-667a17f255f0,false,AwsApiCall,755448775693,Management
root,ASIAIKHLY35ZCFAAFI6A,2021-03-07T14:26:31Z,iam.amazonaws.com,DetachRolePolicy,us-east-1,cloudformation.amazonaws.com,cloudformation.amazonaws.com,,"[{""resourceType"":""AWS::IAM::Policy"",""resourceName"":""arn:aws:iam::aws:policy/AmazonEKSClusterPolicy""},{""resourceType"":""AWS::IAM::Role"",""resourceName"":""eksctl-capstone-cluster-ServiceRole-T62UBJ1WMUR1""}]",b63d5792-7068-4192-b459-761c31ddf0b4,e6596651-2b83-4d64-aa16-d79b74d9345f,false,AwsApiCall,755448775693,Management
root,ASIAIKHLY35ZCFAAFI6A,2021-03-07T14:25:29Z,iam.amazonaws.com,DeleteRolePolicy,us-east-1,cloudformation.amazonaws.com,cloudformation.amazonaws.com,,"[{""resourceType"":""AWS::IAM::Policy"",""resourceName"":""eksctl-capstone-cluster-PolicyCloudWatchMetrics""},{""resourceType"":""AWS::IAM::Role"",""resourceName"":""eksctl-capstone-cluster-ServiceRole-T62UBJ1WMUR1""}]",e1e4e08f-8d74-4622-8075-c78d298a56a7,b9bc8db8-02e8-4aba-aecc-cd175594108d,false,AwsApiCall,755448775693,Management
root,ASIAIKHLY35ZCFAAFI6A,2021-03-07T14:25:29Z,iam.amazonaws.com,DeleteRolePolicy,us-east-1,cloudformation.amazonaws.com,cloudformation.amazonaws.com,,"[{""resourceType"":""AWS::IAM::Policy"",""resourceName"":""eksctl-capstone-cluster-PolicyELBPermissions""},{""resourceType"":""AWS::IAM::Role"",""resourceName"":""eksctl-capstone-cluster-ServiceRole-T62UBJ1WMUR1""}]",be2cad4a-e3ea-4867-a342-cc77f3e0bab2,e5ef784e-9197-4d5f-9841-f24f6bd490a8,false,AwsApiCall,755448775693,Management
root,ASIAJ3BBVR4YKVPSJXSA,2021-03-07T14:25:19Z,iam.amazonaws.com,DeleteRole,us-east-1,cloudformation.amazonaws.com,cloudformation.amazonaws.com,,"[{""resourceType"":""AWS::IAM::Role"",""resourceName"":""eksctl-capstone-nodegroup-linux-n-NodeInstanceRole-10E7N1137047A""}]",c09c1f6c-cb88-478a-9d2e-a75e066414a9,463bd18e-bf4a-424a-8c06-3228bda038dc,false,AwsApiCall,755448775693,Management
root,ASIAJ3BBVR4YKVPSJXSA,2021-03-07T14:25:19Z,iam.amazonaws.com,DetachRolePolicy,us-east-1,cloudformation.amazonaws.com,cloudformation.amazonaws.com,,"[{""resourceType"":""AWS::IAM::Policy"",""resourceName"":""arn:aws:iam::aws:policy/AmazonEC2ContainerRegistryReadOnly""},{""resourceType"":""AWS::IAM::Role"",""resourceName"":""eksctl-capstone-nodegroup-linux-n-NodeInstanceRole-10E7N1137047A""}]",5d909af5-af35-40fa-830d-b2e245ebc9db,7946db75-2b6d-45ca-9e14-64ee0ed89aec,false,AwsApiCall,755448775693,Management
root,ASIAJ3BBVR4YKVPSJXSA,2021-03-07T14:25:19Z,iam.amazonaws.com,DetachRolePolicy,us-east-1,cloudformation.amazonaws.com,cloudformation.amazonaws.com,,"[{""resourceType"":""AWS::IAM::Policy"",""resourceName"":""arn:aws:iam::aws:policy/AmazonEKSWorkerNodePolicy""},{""resourceType"":""AWS::IAM::Role"",""resourceName"":""eksctl-capstone-nodegroup-linux-n-NodeInstanceRole-10E7N1137047A""}]",29b5c890-9e14-4a1b-949b-9223f4aa1033,cc9f8132-caa7-4666-a396-6a64c447da1b,false,AwsApiCall,755448775693,Management
root,ASIAJ3BBVR4YKVPSJXSA,2021-03-07T14:25:19Z,iam.amazonaws.com,DetachRolePolicy,us-east-1,cloudformation.amazonaws.com,cloudformation.amazonaws.com,,"[{""resourceType"":""AWS::IAM::Policy"",""resourceName"":""arn:aws:iam::aws:policy/AmazonEKS_CNI_Policy""},{""resourceType"":""AWS::IAM::Role"",""resourceName"":""eksctl-capstone-nodegroup-linux-n-NodeInstanceRole-10E7N1137047A""}]",18e75c1f-6de0-4b67-be07-a5249c173aed,d1e6fc39-18f4-4098-87b3-083b1f71a40f,false,AwsApiCall,755448775693,Management
EKS,ASIA27ZCBQQGXDBNC2GI,2021-03-07T14:24:47Z,iam.amazonaws.com,DeleteInstanceProfile,us-east-1,eks-nodegroup.amazonaws.com,eks-nodegroup.amazonaws.com,,"[{""resourceType"":""AWS::IAM::InstanceProfile"",""resourceName"":""eks-78bc0647-5a32-501e-e3d7-8e5dafed1988""}]",d7bf753b-9b8c-4260-a5db-027242cf7fd8,0eed0e38-c1fa-4298-95b9-b1c5241a6ded,false,AwsApiCall,755448775693,Management
EKS,ASIA27ZCBQQGXDBNC2GI,2021-03-07T14:24:47Z,iam.amazonaws.com,RemoveRoleFromInstanceProfile,us-east-1,eks-nodegroup.amazonaws.com,eks-nodegroup.amazonaws.com,,"[{""resourceType"":""AWS::IAM::InstanceProfile"",""resourceName"":""eks-78bc0647-5a32-501e-e3d7-8e5dafed1988""},{""resourceType"":""AWS::IAM::Role"",""resourceName"":""eksctl-capstone-nodegroup-linux-n-NodeInstanceRole-10E7N1137047A""}]",73a97fb6-0375-4c8c-9d56-d9990323711b,583480d9-8760-417b-9e88-25deb94a6e48,false,AwsApiCall,755448775693,Management
root,,2021-03-07T12:03:12Z,signin.amazonaws.com,ConsoleLogin,us-east-1,49.37.209.55,"Mozilla/5.0 (Macintosh; Intel Mac OS X 11_1_0) AppleWebKit/537.36 (KHTML, like Gecko) Chrome/88.0.4324.192 Safari/537.36",,[],,e82f1242-08f7-409e-ba16-ea72ec0dab27,false,AwsConsoleSignIn,755448775693,Management
EKS,ASIA27ZCBQQGTLT2XCA6,2021-03-07T11:59:49Z,iam.amazonaws.com,AddRoleToInstanceProfile,us-east-1,eks-nodegroup.amazonaws.com,eks-nodegroup.amazonaws.com,,"[{""resourceType"":""AWS::IAM::InstanceProfile"",""resourceName"":""eks-78bc0647-5a32-501e-e3d7-8e5dafed1988""},{""resourceType"":""AWS::IAM::Role"",""resourceName"":""eksctl-capstone-nodegroup-linux-n-NodeInstanceRole-10E7N1137047A""}]",cd7184e2-c2c4-4826-9558-6fecbc197834,61b31b4e-d1cf-4ee8-b91c-43de6c60c736,false,AwsApiCall,755448775693,Management
EKS,ASIA27ZCBQQGTLT2XCA6,2021-03-07T11:59:48Z,iam.amazonaws.com,CreateInstanceProfile,us-east-1,eks-nodegroup.amazonaws.com,eks-nodegroup.amazonaws.com,,"[{""resourceType"":""AWS::IAM::InstanceProfile"",""resourceName"":""AIPA27ZCBQQG6CBDZFPFS""},{""resourceType"":""AWS::IAM::InstanceProfile"",""resourceName"":""eks-78bc0647-5a32-501e-e3d7-8e5dafed1988""},{""resourceType"":""AWS::IAM::InstanceProfile"",""resourceName"":""arn:aws:iam::755448775693:instance-profile/eks-78bc0647-5a32-501e-e3d7-8e5dafed1988""}]",358c8685-1bcb-4517-ac40-e1befc877205,1afd6173-f6d4-4b92-9ab1-783bf414a522,false,AwsApiCall,755448775693,Management
root,ASIAITFHF4PQCWTB2FTQ,2021-03-07T11:59:24Z,iam.amazonaws.com,AttachRolePolicy,us-east-1,cloudformation.amazonaws.com,cloudformation.amazonaws.com,,"[{""resourceType"":""AWS::IAM::Policy"",""resourceName"":""arn:aws:iam::aws:policy/AmazonEC2ContainerRegistryReadOnly""},{""resourceType"":""AWS::IAM::Role"",""resourceName"":""eksctl-capstone-nodegroup-linux-n-NodeInstanceRole-10E7N1137047A""}]",45e5e074-7406-41f5-92d4-7b7ce7a1b209,4e376e32-40b7-4533-9fb1-72a99ae37120,false,AwsApiCall,755448775693,Management
root,ASIAITFHF4PQCWTB2FTQ,2021-03-07T11:59:24Z,iam.amazonaws.com,AttachRolePolicy,us-east-1,cloudformation.amazonaws.com,cloudformation.amazonaws.com,,"[{""resourceType"":""AWS::IAM::Policy"",""resourceName"":""arn:aws:iam::aws:policy/AmazonEKSWorkerNodePolicy""},{""resourceType"":""AWS::IAM::Role"",""resourceName"":""eksctl-capstone-nodegroup-linux-n-NodeInstanceRole-10E7N1137047A""}]",3a906bf8-4161-444f-97a4-80e1907c9446,b73b9255-4093-48f9-a3a6-d2461c9ee0d6,false,AwsApiCall,755448775693,Management
root,ASIAITFHF4PQCWTB2FTQ,2021-03-07T11:59:24Z,iam.amazonaws.com,AttachRolePolicy,us-east-1,cloudformation.amazonaws.com,cloudformation.amazonaws.com,InternalFailure,"[{""resourceType"":""AWS::IAM::Policy"",""resourceName"":""arn:aws:iam::aws:policy/AmazonEKS_CNI_Policy""},{""resourceType"":""AWS::IAM::Role"",""resourceName"":""eksctl-capstone-nodegroup-linux-n-NodeInstanceRole-10E7N1137047A""}]",e8db77f0-e0a8-41cd-bf61-2fd438a04744,e3866623-b65d-4a09-b37a-061301911377,false,AwsApiCall,755448775693,Management
root,ASIAITFHF4PQCWTB2FTQ,2021-03-07T11:59:23Z,iam.amazonaws.com,CreateRole,us-east-1,cloudformation.amazonaws.com,cloudformation.amazonaws.com,,"[{""resourceType"":""AWS::IAM::Role"",""resourceName"":""eksctl-capstone-nodegroup-linux-n-NodeInstanceRole-10E7N1137047A""},{""resourceType"":""AWS::IAM::Role"",""resourceName"":""AROA27ZCBQQG7JQHRK6DZ""},{""resourceType"":""AWS::IAM::Role"",""resourceName"":""arn:aws:iam::755448775693:role/eksctl-capstone-nodegroup-linux-n-NodeInstanceRole-10E7N1137047A""}]",59937005-71c4-4d9f-a3d9-523940756dd5,6b0a9ebb-af9c-4ac8-acae-7c1297728b24,false,AwsApiCall,755448775693,Management
root,ASIAIOFK63VSSKMG5UQQ,2021-03-07T11:47:25Z,iam.amazonaws.com,PutRolePolicy,us-east-1,cloudformation.amazonaws.com,cloudformation.amazonaws.com,,"[{""resourceType"":""AWS::IAM::Policy"",""resourceName"":""eksctl-capstone-cluster-PolicyELBPermissions""},{""resourceType"":""AWS::IAM::Role"",""resourceName"":""eksctl-capstone-cluster-ServiceRole-T62UBJ1WMUR1""}]",e7bb0d3a-8a15-44c4-9290-9b39d0859d0d,4f1cd7ce-0c32-4143-ba1b-0742d2c38ba3,false,AwsApiCall,755448775693,Management
root,ASIAIOFK63VSSKMG5UQQ,2021-03-07T11:47:25Z,iam.amazonaws.com,PutRolePolicy,us-east-1,cloudformation.amazonaws.com,cloudformation.amazonaws.com,,"[{""resourceType"":""AWS::IAM::Policy"",""resourceName"":""eksctl-capstone-cluster-PolicyCloudWatchMetrics""},{""resourceType"":""AWS::IAM::Role"",""resourceName"":""eksctl-capstone-cluster-ServiceRole-T62UBJ1WMUR1""}]",3546bec1-8e56-4b37-aeed-ab31fa16ed3f,72475a14-a44b-4d9b-b76c-4d03a631627c,false,AwsApiCall,755448775693,Management
root,ASIAIOFK63VSSKMG5UQQ,2021-03-07T11:47:08Z,iam.amazonaws.com,AttachRolePolicy,us-east-1,cloudformation.amazonaws.com,cloudformation.amazonaws.com,,"[{""resourceType"":""AWS::IAM::Policy"",""resourceName"":""arn:aws:iam::aws:policy/AmazonEKSClusterPolicy""},{""resourceType"":""AWS::IAM::Role"",""resourceName"":""eksctl-capstone-cluster-ServiceRole-T62UBJ1WMUR1""}]",10b73573-7f69-4716-8b28-046ce8ccf8cf,da0f0bbc-cc42-4fcc-9bd5-20e52e2edcc7,false,AwsApiCall,755448775693,Management
root,ASIAIOFK63VSSKMG5UQQ,2021-03-07T11:47:08Z,iam.amazonaws.com,AttachRolePolicy,us-east-1,cloudformation.amazonaws.com,cloudformation.amazonaws.com,,"[{""resourceType"":""AWS::IAM::Policy"",""resourceName"":""arn:aws:iam::aws:policy/AmazonEKSVPCResourceController""},{""resourceType"":""AWS::IAM::Role"",""resourceName"":""eksctl-capstone-cluster-ServiceRole-T62UBJ1WMUR1""}]",f25394c0-8798-4b33-bdb1-0049b8c10027,f27bf244-9eb9-455a-a10b-2912ff9f390c,false,AwsApiCall,755448775693,Management
root,ASIAIOFK63VSSKMG5UQQ,2021-03-07T11:47:07Z,iam.amazonaws.com,CreateRole,us-east-1,cloudformation.amazonaws.com,cloudformation.amazonaws.com,,"[{""resourceType"":""AWS::IAM::Role"",""resourceName"":""eksctl-capstone-cluster-ServiceRole-T62UBJ1WMUR1""},{""resourceType"":""AWS::IAM::Role"",""resourceName"":""arn:aws:iam::755448775693:role/eksctl-capstone-cluster-ServiceRole-T62UBJ1WMUR1""},{""resourceType"":""AWS::IAM::Role"",""resourceName"":""AROA27ZCBQQGY3QUHJ7R4""}]",5982e6b6-9f7f-498d-8a37-8429e03835d3,9200523d-c004-4687-a485-075f59bc8b63,false,AwsApiCall,755448775693,Management
root,ASIA27ZCBQQGW5MB3FGZ,2021-03-07T06:38:18Z,iam.amazonaws.com,CreateAccessKey,us-east-1,49.37.209.55,console.amazonaws.com,,"[{""resourceType"":""AWS::IAM::AccessKey"",""resourceName"":""AKIAIPGAEHUN4SC36QIQ""}]",b3b07f67-b941-4db6-9e7d-db8680ee6b08,f8b0972a-0404-4af1-8b08-3abdb4fe089f,false,AwsApiCall,755448775693,Management
root,,2021-03-07T06:37:26Z,signin.amazonaws.com,ConsoleLogin,us-east-1,49.37.209.55,"Mozilla/5.0 (X11; CrOS x86_64 13505.112.0) AppleWebKit/537.36 (KHTML, like Gecko) Chrome/87.0.4280.152 Safari/537.36",,[],,081ca31b-2048-4e24-b627-22d8cdfb85b8,false,AwsConsoleSignIn,755448775693,Management
root,ASIAJ6H5PVX4IFWPEZEQ,2021-03-06T15:46:31Z,iam.amazonaws.com,DetachRolePolicy,us-east-1,cloudformation.amazonaws.com,cloudformation.amazonaws.com,,"[{""resourceType"":""AWS::IAM::Policy"",""resourceName"":""arn:aws:iam::aws:policy/AmazonEKSVPCResourceController""},{""resourceType"":""AWS::IAM::Role"",""resourceName"":""eksctl-capstone-cluster-ServiceRole-13WIN4NIMOUDV""}]",7cd2a155-2a38-4354-8302-8d6766a738fb,0cd596c9-fdef-4bb9-836d-e2d6527a10e2,false,AwsApiCall,755448775693,Management
root,ASIAJ6H5PVX4IFWPEZEQ,2021-03-06T15:46:31Z,iam.amazonaws.com,DetachRolePolicy,us-east-1,cloudformation.amazonaws.com,cloudformation.amazonaws.com,,"[{""resourceType"":""AWS::IAM::Policy"",""resourceName"":""arn:aws:iam::aws:policy/AmazonEKSClusterPolicy""},{""resourceType"":""AWS::IAM::Role"",""resourceName"":""eksctl-capstone-cluster-ServiceRole-13WIN4NIMOUDV""}]",b97ce344-3fbc-4708-b8a9-b7dbcd5f5348,4705f112-86b7-496a-8d90-4283d1789730,false,AwsApiCall,755448775693,Management
root,ASIAJ6H5PVX4IFWPEZEQ,2021-03-06T15:46:31Z,iam.amazonaws.com,DeleteRole,us-east-1,cloudformation.amazonaws.com,cloudformation.amazonaws.com,,"[{""resourceType"":""AWS::IAM::Role"",""resourceName"":""eksctl-capstone-cluster-ServiceRole-13WIN4NIMOUDV""}]",9fab24db-8b3a-4867-95dd-2d58421820f4,cdfa884f-14c2-43c5-9c1b-ad1d308b9ff9,false,AwsApiCall,755448775693,Management
root,ASIAJ6H5PVX4IFWPEZEQ,2021-03-06T15:45:29Z,iam.amazonaws.com,DeleteRolePolicy,us-east-1,cloudformation.amazonaws.com,cloudformation.amazonaws.com,,"[{""resourceType"":""AWS::IAM::Policy"",""resourceName"":""eksctl-capstone-cluster-PolicyELBPermissions""},{""resourceType"":""AWS::IAM::Role"",""resourceName"":""eksctl-capstone-cluster-ServiceRole-13WIN4NIMOUDV""}]",e0a05cdd-3f2f-46d3-bdcf-28c9d2582a3f,d58900db-6261-447b-8e88-5e4c40dbef9f,false,AwsApiCall,755448775693,Management
root,ASIAJ6H5PVX4IFWPEZEQ,2021-03-06T15:45:28Z,iam.amazonaws.com,DeleteRolePolicy,us-east-1,cloudformation.amazonaws.com,cloudformation.amazonaws.com,,"[{""resourceType"":""AWS::IAM::Policy"",""resourceName"":""eksctl-capstone-cluster-PolicyCloudWatchMetrics""},{""resourceType"":""AWS::IAM::Role"",""resourceName"":""eksctl-capstone-cluster-ServiceRole-13WIN4NIMOUDV""}]",7d2504d0-497f-4aba-9db5-b6243547d992,f3683b56-efe1-41ce-8ee4-e6fd850f7cee,false,AwsApiCall,755448775693,Management
root,ASIAJ7L7WEAMID4JJBVA,2021-03-06T15:45:12Z,iam.amazonaws.com,DeleteRole,us-east-1,cloudformation.amazonaws.com,cloudformation.amazonaws.com,,"[{""resourceType"":""AWS::IAM::Role"",""resourceName"":""eksctl-capstone-nodegroup-linux-n-NodeInstanceRole-IPMWO3X0DQ2M""}]",205312ee-268a-4dc0-9d5d-d937b03ee4cd,597762ac-6cf5-4500-a560-9b4b42275245,false,AwsApiCall,755448775693,Management
root,ASIAJ7L7WEAMID4JJBVA,2021-03-06T15:45:11Z,iam.amazonaws.com,DetachRolePolicy,us-east-1,cloudformation.amazonaws.com,cloudformation.amazonaws.com,,"[{""resourceType"":""AWS::IAM::Policy"",""resourceName"":""arn:aws:iam::aws:policy/AmazonEC2ContainerRegistryReadOnly""},{""resourceType"":""AWS::IAM::Role"",""resourceName"":""eksctl-capstone-nodegroup-linux-n-NodeInstanceRole-IPMWO3X0DQ2M""}]",3db30c54-bc21-433c-8ade-63b282d847b0,0239dda6-fe2d-42a7-8480-aab3e5c3ba33,false,AwsApiCall,755448775693,Management
root,ASIAJ7L7WEAMID4JJBVA,2021-03-06T15:45:11Z,iam.amazonaws.com,DetachRolePolicy,us-east-1,cloudformation.amazonaws.com,cloudformation.amazonaws.com,,"[{""resourceType"":""AWS::IAM::Policy"",""resourceName"":""arn:aws:iam::aws:policy/AmazonEKSWorkerNodePolicy""},{""resourceType"":""AWS::IAM::Role"",""resourceName"":""eksctl-capstone-nodegroup-linux-n-NodeInstanceRole-IPMWO3X0DQ2M""}]",97428248-40cc-4a35-95f3-910cdcbbf1ab,26c004b8-86ca-43f4-a990-b43d1fa8fc89,false,AwsApiCall,755448775693,Management
root,ASIAJ7L7WEAMID4JJBVA,2021-03-06T15:45:11Z,iam.amazonaws.com,DetachRolePolicy,us-east-1,cloudformation.amazonaws.com,cloudformation.amazonaws.com,,"[{""resourceType"":""AWS::IAM::Policy"",""resourceName"":""arn:aws:iam::aws:policy/AmazonEKS_CNI_Policy""},{""resourceType"":""AWS::IAM::Role"",""resourceName"":""eksctl-capstone-nodegroup-linux-n-NodeInstanceRole-IPMWO3X0DQ2M""}]",828d7a70-43a7-456c-b68d-30568c91da58,34443737-641a-47a7-a04d-7f327343991e,false,AwsApiCall,755448775693,Management
EKS,ASIA27ZCBQQGS55LOHMT,2021-03-06T15:44:13Z,iam.amazonaws.com,RemoveRoleFromInstanceProfile,us-east-1,eks-nodegroup.amazonaws.com,eks-nodegroup.amazonaws.com,,"[{""resourceType"":""AWS::IAM::InstanceProfile"",""resourceName"":""eks-48bc040f-7860-9f3a-815a-2f9340a450de""},{""resourceType"":""AWS::IAM::Role"",""resourceName"":""eksctl-capstone-nodegroup-linux-n-NodeInstanceRole-IPMWO3X0DQ2M""}]",c0921dc9-4339-4dc1-8458-c69ff3dd46a1,1928d9d1-0132-4bb8-84e8-8bd8434f6c6d,false,AwsApiCall,755448775693,Management
EKS,ASIA27ZCBQQGS55LOHMT,2021-03-06T15:44:13Z,iam.amazonaws.com,DeleteInstanceProfile,us-east-1,eks-nodegroup.amazonaws.com,eks-nodegroup.amazonaws.com,,"[{""resourceType"":""AWS::IAM::InstanceProfile"",""resourceName"":""eks-48bc040f-7860-9f3a-815a-2f9340a450de""}]",e1f5dd02-6efc-4971-92ae-72ba581969c0,62687bfa-878b-4ef6-83a9-a6dbcfcd7832,false,AwsApiCall,755448775693,Management
EKS,ASIA27ZCBQQGTR3RGEQU,2021-03-06T15:19:50Z,iam.amazonaws.com,AddRoleToInstanceProfile,us-east-1,eks-nodegroup.amazonaws.com,eks-nodegroup.amazonaws.com,,"[{""resourceType"":""AWS::IAM::InstanceProfile"",""resourceName"":""eks-48bc040f-7860-9f3a-815a-2f9340a450de""},{""resourceType"":""AWS::IAM::Role"",""resourceName"":""eksctl-capstone-nodegroup-linux-n-NodeInstanceRole-IPMWO3X0DQ2M""}]",3b21cc08-2bc7-4083-bfe7-88305f962f02,6e1071a2-64d2-4907-b9f3-15134e3db4e4,false,AwsApiCall,755448775693,Management
EKS,ASIA27ZCBQQGTR3RGEQU,2021-03-06T15:19:49Z,iam.amazonaws.com,CreateInstanceProfile,us-east-1,eks-nodegroup.amazonaws.com,eks-nodegroup.amazonaws.com,,"[{""resourceType"":""AWS::IAM::InstanceProfile"",""resourceName"":""AIPA27ZCBQQGQG4IAZZKI""},{""resourceType"":""AWS::IAM::InstanceProfile"",""resourceName"":""eks-48bc040f-7860-9f3a-815a-2f9340a450de""},{""resourceType"":""AWS::IAM::InstanceProfile"",""resourceName"":""arn:aws:iam::755448775693:instance-profile/eks-48bc040f-7860-9f3a-815a-2f9340a450de""}]",0a7c2114-a942-4b1d-a501-1c9cac861cab,42a023cd-18ca-4291-9fa6-b8d81a4fcffa,false,AwsApiCall,755448775693,Management
root,ASIAIC6Y2NLTGKZHKN7A,2021-03-06T15:19:11Z,iam.amazonaws.com,CreateServiceLinkedRole,us-east-1,apigateway.amazonaws.com,apigateway.amazonaws.com,,[],7f32373d-f09f-4b4d-ab44-c0a01af4ce39,8d7ae1a5-41ac-4557-8e79-e3c20ce35023,false,AwsApiCall,755448775693,Management
root,ASIAJQHPA3COUGUX4CGQ,2021-03-06T15:18:49Z,iam.amazonaws.com,AttachRolePolicy,us-east-1,cloudformation.amazonaws.com,cloudformation.amazonaws.com,,"[{""resourceType"":""AWS::IAM::Policy"",""resourceName"":""arn:aws:iam::aws:policy/AmazonEKS_CNI_Policy""},{""resourceType"":""AWS::IAM::Role"",""resourceName"":""eksctl-capstone-nodegroup-linux-n-NodeInstanceRole-IPMWO3X0DQ2M""}]",e70ee8b5-2d60-4b7e-8aab-709fa4789ac8,69ed905b-9a60-4a7e-a056-a54cf085858b,false,AwsApiCall,755448775693,Management
root,ASIAJQHPA3COUGUX4CGQ,2021-03-06T15:18:49Z,iam.amazonaws.com,AttachRolePolicy,us-east-1,cloudformation.amazonaws.com,cloudformation.amazonaws.com,,"[{""resourceType"":""AWS::IAM::Policy"",""resourceName"":""arn:aws:iam::aws:policy/AmazonEC2ContainerRegistryReadOnly""},{""resourceType"":""AWS::IAM::Role"",""resourceName"":""eksctl-capstone-nodegroup-linux-n-NodeInstanceRole-IPMWO3X0DQ2M""}]",75ba5eef-c997-4cb2-820f-31f1d1d2e654,e576e119-6fc5-4f4d-8e2a-5c8193fefcb3,false,AwsApiCall,755448775693,Management
root,ASIAJQHPA3COUGUX4CGQ,2021-03-06T15:18:48Z,iam.amazonaws.com,AttachRolePolicy,us-east-1,cloudformation.amazonaws.com,cloudformation.amazonaws.com,,"[{""resourceType"":""AWS::IAM::Policy"",""resourceName"":""arn:aws:iam::aws:policy/AmazonEKSWorkerNodePolicy""},{""resourceType"":""AWS::IAM::Role"",""resourceName"":""eksctl-capstone-nodegroup-linux-n-NodeInstanceRole-IPMWO3X0DQ2M""}]",c4305bef-a46e-4101-b372-95b24ed0e4f8,479bc576-f3b2-4aaf-a9cd-69b70241ea33,false,AwsApiCall,755448775693,Management
root,ASIAJQHPA3COUGUX4CGQ,2021-03-06T15:18:48Z,iam.amazonaws.com,CreateRole,us-east-1,cloudformation.amazonaws.com,cloudformation.amazonaws.com,,"[{""resourceType"":""AWS::IAM::Role"",""resourceName"":""arn:aws:iam::755448775693:role/eksctl-capstone-nodegroup-linux-n-NodeInstanceRole-IPMWO3X0DQ2M""},{""resourceType"":""AWS::IAM::Role"",""resourceName"":""AROA27ZCBQQGZN4OMFGSC""},{""resourceType"":""AWS::IAM::Role"",""resourceName"":""eksctl-capstone-nodegroup-linux-n-NodeInstanceRole-IPMWO3X0DQ2M""}]",21ce5bde-3ac1-4c94-b902-e2a05ff139c5,dee3bff3-6f18-4f6c-8b23-e9088f310376,false,AwsApiCall,755448775693,Management
root,ASIAJGTUGVKUGVBXVKUQ,2021-03-06T15:08:28Z,iam.amazonaws.com,CreateServiceLinkedRole,us-east-1,apigateway.amazonaws.com,apigateway.amazonaws.com,,[],c3e51fb6-8d84-4dba-9401-028321c56e0e,821c27cd-3058-4719-b636-1e3311388cea,false,AwsApiCall,755448775693,Management
AmazonEKS,ASIA27ZCBQQGWVKF7PWP,2021-03-06T15:08:28Z,iam.amazonaws.com,CreateServiceLinkedRole,us-east-1,eks.amazonaws.com,eks.amazonaws.com,AccessDenied,[],e091078f-d291-4120-b14c-a14f9420c9ac,c167d6df-c079-4f75-a8f4-577ad15ff175,false,AwsApiCall,755448775693,Management
root,ASIAI3BD3IHALZMVKPRA,2021-03-06T15:08:08Z,iam.amazonaws.com,PutRolePolicy,us-east-1,cloudformation.amazonaws.com,cloudformation.amazonaws.com,,"[{""resourceType"":""AWS::IAM::Policy"",""resourceName"":""eksctl-capstone-cluster-PolicyELBPermissions""},{""resourceType"":""AWS::IAM::Role"",""resourceName"":""eksctl-capstone-cluster-ServiceRole-13WIN4NIMOUDV""}]",d0ca2f00-85d1-4751-919c-a1dc30b69ab1,c9d46d34-05bf-4433-a16f-abde5d4c5b62,false,AwsApiCall,755448775693,Management
root,ASIAI3BD3IHALZMVKPRA,2021-03-06T15:08:07Z,iam.amazonaws.com,PutRolePolicy,us-east-1,cloudformation.amazonaws.com,cloudformation.amazonaws.com,,"[{""resourceType"":""AWS::IAM::Policy"",""resourceName"":""eksctl-capstone-cluster-PolicyCloudWatchMetrics""},{""resourceType"":""AWS::IAM::Role"",""resourceName"":""eksctl-capstone-cluster-ServiceRole-13WIN4NIMOUDV""}]",a54e9e3c-0f1d-436e-9a90-d33b2754805f,19f1eedc-a6fd-41ce-bb6c-501606b06bdd,false,AwsApiCall,755448775693,Management
root,ASIAI3BD3IHALZMVKPRA,2021-03-06T15:07:49Z,iam.amazonaws.com,AttachRolePolicy,us-east-1,cloudformation.amazonaws.com,cloudformation.amazonaws.com,,"[{""resourceType"":""AWS::IAM::Policy"",""resourceName"":""arn:aws:iam::aws:policy/AmazonEKSClusterPolicy""},{""resourceType"":""AWS::IAM::Role"",""resourceName"":""eksctl-capstone-cluster-ServiceRole-13WIN4NIMOUDV""}]",9790b49b-6123-4369-a6c8-66fff28df4c3,4c175d08-e378-49dd-9575-253de7b1b192,false,AwsApiCall,755448775693,Management
root,ASIAI3BD3IHALZMVKPRA,2021-03-06T15:07:49Z,iam.amazonaws.com,AttachRolePolicy,us-east-1,cloudformation.amazonaws.com,cloudformation.amazonaws.com,,"[{""resourceType"":""AWS::IAM::Policy"",""resourceName"":""arn:aws:iam::aws:policy/AmazonEKSVPCResourceController""},{""resourceType"":""AWS::IAM::Role"",""resourceName"":""eksctl-capstone-cluster-ServiceRole-13WIN4NIMOUDV""}]",a2d31cc7-05e0-4514-83fb-f3b05b43f5d0,e8151089-3521-4b02-bc25-9d2ef34ab688,false,AwsApiCall,755448775693,Management
root,ASIAI3BD3IHALZMVKPRA,2021-03-06T15:07:48Z,iam.amazonaws.com,CreateRole,us-east-1,cloudformation.amazonaws.com,cloudformation.amazonaws.com,,"[{""resourceType"":""AWS::IAM::Role"",""resourceName"":""arn:aws:iam::755448775693:role/eksctl-capstone-cluster-ServiceRole-13WIN4NIMOUDV""},{""resourceType"":""AWS::IAM::Role"",""resourceName"":""AROA27ZCBQQGUS2PJ42SG""},{""resourceType"":""AWS::IAM::Role"",""resourceName"":""eksctl-capstone-cluster-ServiceRole-13WIN4NIMOUDV""}]",22928bb2-73d3-4ab1-af9a-6fa692f3eda8,76c845d9-4107-464b-b73f-bbb79cbb2aa1,false,AwsApiCall,755448775693,Management
root,ASIA27ZCBQQG2LI2SQSN,2021-03-06T14:55:39Z,iam.amazonaws.com,CreateAccessKey,us-east-1,49.37.209.83,console.amazonaws.com,,"[{""resourceType"":""AWS::IAM::AccessKey"",""resourceName"":""AKIAI2HFYYBKHH2OWLXA""}]",fe136fd6-44b0-4de7-bff1-8333bc906f14,b223258e-4a32-4fa6-a954-afa634870024,false,AwsApiCall,755448775693,Management
root,,2021-03-06T14:54:44Z,signin.amazonaws.com,ConsoleLogin,us-east-1,49.37.209.83,"Mozilla/5.0 (Macintosh; Intel Mac OS X 11_1_0) AppleWebKit/537.36 (KHTML, like Gecko) Chrome/88.0.4324.192 Safari/537.36",,[],,af094bba-46fe-4302-ab0f-1e31805df34f,false,AwsConsoleSignIn,755448775693,Management
root,,2021-03-06T14:20:46Z,signin.amazonaws.com,ConsoleLogin,us-east-1,49.37.209.83,"Mozilla/5.0 (X11; CrOS x86_64 13505.112.0) AppleWebKit/537.36 (KHTML, like Gecko) Chrome/87.0.4280.152 Safari/537.36",,[],,972b5cb0-4338-49ce-801a-24eac8cb6e94,false,AwsConsoleSignIn,755448775693,Management
root,,2021-03-06T01:09:26Z,signin.amazonaws.com,ConsoleLogin,us-east-1,49.37.215.5,"Mozilla/5.0 (Macintosh; Intel Mac OS X 11_1_0) AppleWebKit/537.36 (KHTML, like Gecko) Chrome/88.0.4324.192 Safari/537.36",,[],,40d3d8f3-4abe-4f81-a228-65506f901130,false,AwsConsoleSignIn,755448775693,Management
root,,2021-03-06T00:58:48Z,signin.amazonaws.com,ConsoleLogin,us-east-1,49.37.215.5,"Mozilla/5.0 (X11; CrOS x86_64 13505.112.0) AppleWebKit/537.36 (KHTML, like Gecko) Chrome/87.0.4280.152 Safari/537.36",,[],,be20116f-c7d7-4a09-a6ce-d9432a825e60,false,AwsConsoleSignIn,755448775693,Management
root,,2021-02-28T03:27:12Z,signin.amazonaws.com,ConsoleLogin,us-east-1,49.37.213.195,"Mozilla/5.0 (X11; CrOS x86_64 13505.112.0) AppleWebKit/537.36 (KHTML, like Gecko) Chrome/87.0.4280.152 Safari/537.36",,[],,1e7f90d1-8e0c-4f49-b7b4-9d15b0a8b1d1,false,AwsConsoleSignIn,755448775693,Management
root,,2021-02-23T02:49:34Z,signin.amazonaws.com,ConsoleLogin,us-east-1,49.37.213.143,"Mozilla/5.0 (X11; CrOS x86_64 13310.102.0) AppleWebKit/537.36 (KHTML, like Gecko) Chrome/85.0.4183.162 Safari/537.36",,[],,c3d3fcf5-ecca-4093-bf17-5a1eb07be399,false,AwsConsoleSignIn,755448775693,Management
root,ASIAJAQQ3NZY7DIURM2A,2021-02-15T05:37:06Z,iam.amazonaws.com,CreateServiceLinkedRole,us-east-1,cloud9.amazonaws.com,cloud9.amazonaws.com,,[],a65863e4-1772-4961-9dac-a3e22606a2f4,c014c699-66c2-43ad-b16e-2c419f2b59db,false,AwsApiCall,755448775693,Management
root,,2021-02-15T05:28:12Z,signin.amazonaws.com,ConsoleLogin,us-east-1,49.37.215.5,"Mozilla/5.0 (Macintosh; Intel Mac OS X 11_1_0) AppleWebKit/537.36 (KHTML, like Gecko) Chrome/88.0.4324.150 Safari/537.36",,[],,e23995a7-83e5-40b8-bd3f-5583a7f61803,false,AwsConsoleSignIn,755448775693,Management
root,,2021-02-14T08:50:07Z,signin.amazonaws.com,ConsoleLogin,us-east-1,49.37.213.235,"Mozilla/5.0 (Macintosh; Intel Mac OS X 11_1_0) AppleWebKit/537.36 (KHTML, like Gecko) Chrome/88.0.4324.150 Safari/537.36",,[],,390dd352-2d84-49ab-ba0b-0901efdbf73b,false,AwsConsoleSignIn,755448775693,Management
root,,2021-02-13T02:56:40Z,signin.amazonaws.com,ConsoleLogin,us-east-1,49.37.213.23,"Mozilla/5.0 (Macintosh; Intel Mac OS X 11_1_0) AppleWebKit/537.36 (KHTML, like Gecko) Chrome/88.0.4324.150 Safari/537.36",,[],,8b85a997-afe0-49f1-b4aa-1ac2ecdf6a0d,false,AwsConsoleSignIn,755448775693,Management
root,,2021-02-12T03:39:39Z,signin.amazonaws.com,ConsoleLogin,us-east-1,49.37.213.23,"Mozilla/5.0 (X11; CrOS x86_64 13310.102.0) AppleWebKit/537.36 (KHTML, like Gecko) Chrome/85.0.4183.162 Safari/537.36",,[],,ec741d1f-5377-4f41-b4de-e6e396c3929a,false,AwsConsoleSignIn,755448775693,Management
root,,2021-02-10T00:31:54Z,signin.amazonaws.com,ConsoleLogin,us-east-1,49.37.213.23,"Mozilla/5.0 (X11; CrOS x86_64 13310.102.0) AppleWebKit/537.36 (KHTML, like Gecko) Chrome/85.0.4183.162 Safari/537.36",,[],,eee4c6d2-0fbd-43f5-8a66-b71749b39eaa,false,AwsConsoleSignIn,755448775693,Management
root,ASIAIWXGRJUMHZCSC3NA,2021-02-07T15:15:55Z,cloudfront.amazonaws.com,DeleteCloudFrontOriginAccessIdentity,us-east-1,cloudformation.amazonaws.com,cloudformation.amazonaws.com,,[],aa0ecbb5-901a-4ce2-a751-eec0fb70c4f9,66f46019-5cab-45c3-b61c-1693266b9974,false,AwsApiCall,755448775693,Management
root,ASIAIBP3GX2VZYZJKB5Q,2021-02-07T15:15:51Z,cloudfront.amazonaws.com,DeleteDistribution,us-east-1,cloudformation.amazonaws.com,cloudformation.amazonaws.com,,[],58483f8a-b3de-462a-840f-53c2db2d6aa7,8e748526-48b7-4118-8f60-34f23121a041,false,AwsApiCall,755448775693,Management
root,ASIAIUXYFVJ36NWDQGOA,2021-02-07T15:12:57Z,cloudfront.amazonaws.com,UpdateDistribution,us-east-1,cloudformation.amazonaws.com,cloudformation.amazonaws.com,,[],af829127-9437-4045-a52b-b04d5b5d8225,97139c8a-f3f2-4e33-bc62-234183188e92,false,AwsApiCall,755448775693,Management
root,,2021-02-07T15:11:01Z,signin.amazonaws.com,ConsoleLogin,us-east-1,49.37.209.107,"Mozilla/5.0 (X11; CrOS x86_64 13310.102.0) AppleWebKit/537.36 (KHTML, like Gecko) Chrome/85.0.4183.162 Safari/537.36",,[],,d457755f-0b51-442f-bb24-3e0b7906bbf5,false,AwsConsoleSignIn,755448775693,Management
udacity,ASIAJTBLJFLVMHMD2D3A,2021-02-07T11:03:19Z,cloudfront.amazonaws.com,UpdateDistribution,us-east-1,cloudformation.amazonaws.com,cloudformation.amazonaws.com,,[],f26874d4-82ef-4d92-81b2-3ff598b3bd48,946b1d58-8d17-4395-93f9-e02ea4d66f8f,false,AwsApiCall,755448775693,Management
udacity,ASIAJTBLJFLVMHMD2D3A,2021-02-07T11:03:19Z,cloudfront.amazonaws.com,TagResource,us-east-1,cloudformation.amazonaws.com,cloudformation.amazonaws.com,,[],35a27a07-e96f-4425-9ed1-2672c3f0c373,bf949733-0a22-4153-a620-8c3822b74731,false,AwsApiCall,755448775693,Management
udacity,ASIAIYPMR6XVCBFQRGZA,2021-02-07T06:28:32Z,cloudfront.amazonaws.com,UpdateDistribution,us-east-1,cloudformation.amazonaws.com,cloudformation.amazonaws.com,,[],ceb6dede-f9a8-4998-bb9e-047c0048f684,5b11e804-6c0f-4738-9668-f3062acecc8d,false,AwsApiCall,755448775693,Management
udacity,ASIAIYPMR6XVCBFQRGZA,2021-02-07T06:28:31Z,cloudfront.amazonaws.com,TagResource,us-east-1,cloudformation.amazonaws.com,cloudformation.amazonaws.com,,[],86c70a07-6c06-4924-85f1-db12de372870,aad781f1-b1c4-41ee-8f4f-5f5e6e142c2b,false,AwsApiCall,755448775693,Management
root,,2021-02-07T04:43:29Z,signin.amazonaws.com,ConsoleLogin,us-east-1,49.37.209.107,"Mozilla/5.0 (Macintosh; Intel Mac OS X 11_1_0) AppleWebKit/537.36 (KHTML, like Gecko) Chrome/88.0.4324.146 Safari/537.36",,[],,fd59207a-3576-4ddd-a3f9-672047cbc581,false,AwsConsoleSignIn,755448775693,Management
root,,2021-02-06T16:40:27Z,signin.amazonaws.com,ConsoleLogin,us-east-1,49.37.215.5,"Mozilla/5.0 (Macintosh; Intel Mac OS X 11_1_0) AppleWebKit/537.36 (KHTML, like Gecko) Chrome/88.0.4324.146 Safari/537.36",,[],,92fbf766-a8fa-422e-b02a-397e8eba6c65,false,AwsConsoleSignIn,755448775693,Management
udacity,ASIAJIEMHDEZDZ3GMYFA,2021-02-06T06:13:26Z,cloudfront.amazonaws.com,TagResource,us-east-1,cloudformation.amazonaws.com,cloudformation.amazonaws.com,,[],cf756002-9ea6-4ee5-ba16-8e4df91009f0,2bbbd661-8c95-4e3a-99dd-ce19e62e984e,false,AwsApiCall,755448775693,Management
udacity,ASIAJIEMHDEZDZ3GMYFA,2021-02-06T06:13:26Z,cloudfront.amazonaws.com,UpdateDistribution,us-east-1,cloudformation.amazonaws.com,cloudformation.amazonaws.com,,[],6d67553a-d2e8-438e-952d-a3b39edf5188,6fab758f-c1ef-45fb-815f-0dae60b18635,false,AwsApiCall,755448775693,Management
root,,2021-02-06T06:13:08Z,signin.amazonaws.com,ConsoleLogin,us-east-1,49.37.211.13,"Mozilla/5.0 (X11; CrOS x86_64 13310.102.0) AppleWebKit/537.36 (KHTML, like Gecko) Chrome/85.0.4183.162 Safari/537.36",,[],,09106a32-c55c-48be-91d6-e851bc7eb95b,false,AwsConsoleSignIn,755448775693,Management
root,ASIA27ZCBQQGSSINFJDH,2021-02-06T05:31:29Z,iam.amazonaws.com,CreateAccessKey,us-east-1,49.37.211.13,console.amazonaws.com,,"[{""resourceType"":""AWS::IAM::AccessKey"",""resourceName"":""AKIA27ZCBQQG4Z2ATW7W""},{""resourceType"":""AWS::IAM::User"",""resourceName"":""prometheus""}]",4301448c-06df-4510-851b-bbca79df5cb5,f93975cb-edb0-4241-88cf-7e75ae220013,false,AwsApiCall,755448775693,Management
root,ASIA27ZCBQQGSSINFJDH,2021-02-06T05:31:28Z,iam.amazonaws.com,AttachUserPolicy,us-east-1,49.37.211.13,console.amazonaws.com,,"[{""resourceType"":""AWS::IAM::User"",""resourceName"":""prometheus""},{""resourceType"":""AWS::IAM::Policy"",""resourceName"":""arn:aws:iam::aws:policy/AmazonEC2ReadOnlyAccess""}]",e7f3dc68-e121-4184-bdd8-5422e945019e,f3a33b7f-ef68-4058-bbb3-cb133d654145,false,AwsApiCall,755448775693,Management
root,ASIA27ZCBQQGSSINFJDH,2021-02-06T05:31:27Z,iam.amazonaws.com,CreateUser,us-east-1,49.37.211.13,console.amazonaws.com,,"[{""resourceType"":""AWS::IAM::User"",""resourceName"":""AIDA27ZCBQQG6NLJ3VBSW""},{""resourceType"":""AWS::IAM::User"",""resourceName"":""arn:aws:iam::755448775693:user/prometheus""},{""resourceType"":""AWS::IAM::User"",""resourceName"":""prometheus""}]",9ef2cfce-f8f3-4a04-9c5c-7a0e65fe53a3,1a1195b1-f7a7-4b18-9fc3-9fe402db75f1,false,AwsApiCall,755448775693,Management
root,,2021-02-06T01:06:50Z,signin.amazonaws.com,ConsoleLogin,us-east-1,49.37.211.13,"Mozilla/5.0 (Macintosh; Intel Mac OS X 11_1_0) AppleWebKit/537.36 (KHTML, like Gecko) Chrome/88.0.4324.146 Safari/537.36",,[],,4bbf7f92-0e84-4b9b-89fb-73b04ff4742d,false,AwsConsoleSignIn,755448775693,Management
udacity,ASIAI567QHNK3OMN4YRQ,2021-02-05T14:10:45Z,cloudfront.amazonaws.com,UpdateDistribution,us-east-1,cloudformation.amazonaws.com,cloudformation.amazonaws.com,,[],83603a22-e65c-4d23-82ef-05e911bb94e1,de506ef5-9f04-48c8-ad71-d680d9b21c07,false,AwsApiCall,755448775693,Management
udacity,ASIAI567QHNK3OMN4YRQ,2021-02-05T14:10:44Z,cloudfront.amazonaws.com,TagResource,us-east-1,cloudformation.amazonaws.com,cloudformation.amazonaws.com,,[],b030ca5f-b6eb-4487-9ece-8ae302ba7262,4f1acb05-feb1-4a41-89ca-c7c09a3df974,false,AwsApiCall,755448775693,Management
root,,2021-02-05T14:08:50Z,signin.amazonaws.com,ConsoleLogin,us-east-1,49.37.209.55,"Mozilla/5.0 (X11; CrOS x86_64 13310.102.0) AppleWebKit/537.36 (KHTML, like Gecko) Chrome/85.0.4183.162 Safari/537.36",,[],,8c569391-860a-4422-9e5b-6199e30e6c80,false,AwsConsoleSignIn,755448775693,Management
udacity,ASIAIJCESYMZPRVKWJUQ,2021-02-05T13:35:48Z,cloudfront.amazonaws.com,UpdateDistribution,us-east-1,cloudformation.amazonaws.com,cloudformation.amazonaws.com,,[],35ace002-06ba-4d0b-9b96-2c0cb5ac0128,4eb1b4d6-aee0-4916-8835-59cb4916cf12,false,AwsApiCall,755448775693,Management
udacity,ASIAIJCESYMZPRVKWJUQ,2021-02-05T13:35:47Z,cloudfront.amazonaws.com,TagResource,us-east-1,cloudformation.amazonaws.com,cloudformation.amazonaws.com,,[],9ae9e779-3624-42e4-9147-8c27ec6581e3,05bccd3f-b86f-4605-bef4-b3e8ce377a8f,false,AwsApiCall,755448775693,Management
root,,2021-02-05T01:29:13Z,signin.amazonaws.com,ConsoleLogin,us-east-1,49.37.209.55,"Mozilla/5.0 (X11; CrOS x86_64 13310.102.0) AppleWebKit/537.36 (KHTML, like Gecko) Chrome/85.0.4183.162 Safari/537.36",,[],,ea12dc86-5f8f-43e8-95e4-974dc0232cc8,false,AwsConsoleSignIn,755448775693,Management
root,,2021-02-04T06:53:16Z,signin.amazonaws.com,ConsoleLogin,us-east-1,49.37.215.57,"Mozilla/5.0 (X11; CrOS x86_64 13310.102.0) AppleWebKit/537.36 (KHTML, like Gecko) Chrome/85.0.4183.162 Safari/537.36",,[],,73e16244-c742-4041-b011-4269c30babd6,false,AwsConsoleSignIn,755448775693,Management
root,,2021-02-01T13:40:42Z,signin.amazonaws.com,ConsoleLogin,us-east-1,155.136.158.7,"Mozilla/5.0 (Windows NT 10.0; Win64; x64) AppleWebKit/537.36 (KHTML, like Gecko) Chrome/86.0.4240.193 Safari/537.36",,[],,35d899c4-aad9-495d-8e67-c60084e12a96,false,AwsConsoleSignIn,755448775693,Management
root,,2021-02-01T03:41:53Z,signin.amazonaws.com,ConsoleLogin,us-east-1,49.37.213.143,"Mozilla/5.0 (Macintosh; Intel Mac OS X 11_1_0) AppleWebKit/537.36 (KHTML, like Gecko) Chrome/88.0.4324.96 Safari/537.36",,[],,845e7519-de45-4236-bc96-0ee1b4fe6c85,false,AwsConsoleSignIn,755448775693,Management
root,,2021-02-01T03:03:54Z,signin.amazonaws.com,ConsoleLogin,us-east-1,49.37.213.143,"Mozilla/5.0 (X11; CrOS x86_64 13310.102.0) AppleWebKit/537.36 (KHTML, like Gecko) Chrome/85.0.4183.162 Safari/537.36",,[],,624b2bdf-ad09-4643-9502-ab1e0ec655cd,false,AwsConsoleSignIn,755448775693,Management
root,,2021-01-31T00:40:07Z,signin.amazonaws.com,ConsoleLogin,us-east-1,49.37.213.143,"Mozilla/5.0 (X11; CrOS x86_64 13310.102.0) AppleWebKit/537.36 (KHTML, like Gecko) Chrome/85.0.4183.162 Safari/537.36",,[],,a78f367d-cd40-487a-b6f0-1fa13f4d2440,false,AwsConsoleSignIn,755448775693,Management
root,ASIAJFUXP2NQS743SSLA,2021-01-30T05:15:52Z,cloudfront.amazonaws.com,CreateDistributionWithTags,us-east-1,cloudformation.amazonaws.com,cloudformation.amazonaws.com,,[],807db9c3-7abd-4670-bfc4-8c6057c4086b,d29e8d4f-f63b-4fce-a756-ad4209d8ab2b,false,AwsApiCall,755448775693,Management
root,ASIAIZHJPTRBU3DSX75Q,2021-01-30T05:15:46Z,cloudfront.amazonaws.com,CreateCloudFrontOriginAccessIdentity,us-east-1,cloudformation.amazonaws.com,cloudformation.amazonaws.com,,[],03280461-c474-4ea3-b3db-a9ffac4f89bb,1a2f3bd4-9490-4a80-bec7-f295f59e8064,false,AwsApiCall,755448775693,Management
root,ASIAIXHAIXHE6GM4LJDA,2021-01-30T04:28:28Z,iam.amazonaws.com,CreateServiceLinkedRole,us-east-1,rds.amazonaws.com,rds.amazonaws.com,,[],8ee4b6cd-f109-4203-8e82-29656f05e296,a064ade3-7b62-44e9-9ecf-6f3adcf50a3d,false,AwsApiCall,755448775693,Management
root,,2021-01-30T04:18:02Z,signin.amazonaws.com,ConsoleLogin,us-east-1,49.37.213.143,"Mozilla/5.0 (X11; CrOS x86_64 13310.102.0) AppleWebKit/537.36 (KHTML, like Gecko) Chrome/85.0.4183.162 Safari/537.36",,[],,9ce361dc-c217-4406-b9b6-380a2eaa13c9,false,AwsConsoleSignIn,755448775693,Management
root,ASIA27ZCBQQGUBJDQCHU,2021-01-28T00:26:03Z,iam.amazonaws.com,CreateAccessKey,us-east-1,49.37.213.223,console.amazonaws.com,,"[{""resourceType"":""AWS::IAM::AccessKey"",""resourceName"":""AKIA27ZCBQQGQTE4LSUB""},{""resourceType"":""AWS::IAM::User"",""resourceName"":""udacity""}]",0820b567-a3cd-4ca2-a711-d00e1bc78b6e,83164db9-9ff5-402d-9dd1-0f34ee8edbf9,false,AwsApiCall,755448775693,Management
root,ASIA27ZCBQQGUBJDQCHU,2021-01-28T00:26:02Z,iam.amazonaws.com,CreateUser,us-east-1,49.37.213.223,console.amazonaws.com,,"[{""resourceType"":""AWS::IAM::User"",""resourceName"":""udacity""},{""resourceType"":""AWS::IAM::User"",""resourceName"":""AIDA27ZCBQQGWTGKLVIKN""},{""resourceType"":""AWS::IAM::User"",""resourceName"":""arn:aws:iam::755448775693:user/udacity""}]",e0fb2f1c-c2bd-4f08-8d5f-85cc17215741,22b16bd8-88f6-4389-a371-64c5b29a69c4,false,AwsApiCall,755448775693,Management
root,ASIA27ZCBQQGUBJDQCHU,2021-01-28T00:26:02Z,iam.amazonaws.com,AttachUserPolicy,us-east-1,49.37.213.223,console.amazonaws.com,,"[{""resourceType"":""AWS::IAM::User"",""resourceName"":""udacity""},{""resourceType"":""AWS::IAM::Policy"",""resourceName"":""arn:aws:iam::aws:policy/AdministratorAccess""}]",76bdb5d1-14c7-48b7-8dae-dd2c89ee6423,2c1764e8-2262-4830-aec4-d99fb55f1251,false,AwsApiCall,755448775693,Management
root,ASIA27ZCBQQGUBJDQCHU,2021-01-28T00:23:37Z,iam.amazonaws.com,DeleteUser,us-east-1,49.37.213.223,console.amazonaws.com,,"[{""resourceType"":""AWS::IAM::User"",""resourceName"":""udacity""}]",bbb0504e-c2a8-476c-93fa-415e59a02263,0f0c424d-3ecb-4dad-ba92-3de53692a995,false,AwsApiCall,755448775693,Management
root,ASIA27ZCBQQGUBJDQCHU,2021-01-28T00:23:37Z,iam.amazonaws.com,DetachUserPolicy,us-east-1,49.37.213.223,console.amazonaws.com,,"[{""resourceType"":""AWS::IAM::User"",""resourceName"":""udacity""},{""resourceType"":""AWS::IAM::Policy"",""resourceName"":""arn:aws:iam::aws:policy/AdministratorAccess""}]",5280f2ca-d4b9-479b-8b92-aa86849ef678,11bb6412-25ff-4ac9-84d4-6a3156ac56d8,false,AwsApiCall,755448775693,Management
root,ASIA27ZCBQQGUBJDQCHU,2021-01-28T00:23:37Z,iam.amazonaws.com,DeleteLoginProfile,us-east-1,49.37.213.223,console.amazonaws.com,NoSuchEntityException,"[{""resourceType"":""AWS::IAM::User"",""resourceName"":""udacity""}]",135da292-c09c-44eb-bfbe-5de5a0353868,6a6af275-d1df-4aa6-9572-98a20e7c5e46,false,AwsApiCall,755448775693,Management
root,ASIA27ZCBQQGUBJDQCHU,2021-01-28T00:23:37Z,iam.amazonaws.com,DeleteAccessKey,us-east-1,49.37.213.223,console.amazonaws.com,,"[{""resourceType"":""AWS::IAM::AccessKey"",""resourceName"":""AKIA27ZCBQQG4H3HNXK4""},{""resourceType"":""AWS::IAM::User"",""resourceName"":""udacity""}]",af6cc591-917b-4222-8313-4a027f996f76,eaacee25-6aee-4e93-82a1-bdce2dc52b34,false,AwsApiCall,755448775693,Management
root,ASIA27ZCBQQGUBJDQCHU,2021-01-28T00:22:38Z,iam.amazonaws.com,GenerateServiceLastAccessedDetails,us-east-1,49.37.213.223,console.amazonaws.com,,[],a30c3a90-6dd4-4211-9fff-05380e4af615,1704d3ba-91a3-4103-8446-2589a603e94f,false,AwsApiCall,755448775693,Management
root,,2021-01-28T00:08:14Z,signin.amazonaws.com,ConsoleLogin,us-east-1,49.37.213.223,"Mozilla/5.0 (X11; CrOS x86_64 13310.102.0) AppleWebKit/537.36 (KHTML, like Gecko) Chrome/85.0.4183.162 Safari/537.36",,[],,92c5bab2-012e-4014-bf9e-e1b9b4160af2,false,AwsConsoleSignIn,755448775693,Management
root,,2021-01-22T00:25:38Z,signin.amazonaws.com,ConsoleLogin,us-east-1,49.37.213.63,"Mozilla/5.0 (X11; CrOS x86_64 13310.102.0) AppleWebKit/537.36 (KHTML, like Gecko) Chrome/85.0.4183.162 Safari/537.36",,[],,c82df8a7-85f5-432f-be5c-b2c6dcf9d647,false,AwsConsoleSignIn,755448775693,Management
root,,2021-01-10T02:42:11Z,signin.amazonaws.com,ConsoleLogin,us-east-1,49.37.223.87,"Mozilla/5.0 (X11; CrOS x86_64 13310.102.0) AppleWebKit/537.36 (KHTML, like Gecko) Chrome/85.0.4183.162 Safari/537.36",,[],,8dfce555-4004-46fd-b7f0-a314b815b874,false,AwsConsoleSignIn,755448775693,Management
root,,2021-01-08T05:38:07Z,signin.amazonaws.com,ConsoleLogin,us-east-1,49.37.223.87,"Mozilla/5.0 (X11; CrOS x86_64 13310.102.0) AppleWebKit/537.36 (KHTML, like Gecko) Chrome/85.0.4183.162 Safari/537.36",,[],,2c5748d3-7f99-4563-81ec-e7b71105613a,false,AwsConsoleSignIn,755448775693,Management